file,pdf_page,label,width_pt,height_pt,zoom,pixels,render_ms,worker_render_ms,text_chars,text_ms,outcome
Game Masters Books/Games Masters Book of Traps Puzzles and Dungeons.pdf,1,,614.12,789.18,1,1400x1799,383.52,370.51,,,ok
Game Masters Books/Games Masters Book of Traps Puzzles and Dungeons.pdf,1,,614.12,789.18,2,2800x3598,421.24,400.65,,,ok
Game Masters Books/Games Masters Book of Traps Puzzles and Dungeons.pdf,1,,614.12,789.18,text,,,,1675,46.44,ok
Game Masters Books/Games Masters Book of Traps Puzzles and Dungeons.pdf,2,,612,783,1,1400x1791,29.16,19.94,,,ok
Game Masters Books/Games Masters Book of Traps Puzzles and Dungeons.pdf,2,,612,783,2,2800x3582,42.85,27.62,,,ok
Game Masters Books/Games Masters Book of Traps Puzzles and Dungeons.pdf,2,,612,783,text,,,,268,14.27,ok
Game Masters Books/Games Masters Book of Traps Puzzles and Dungeons.pdf,3,,612,783,1,1400x1791,127.72,118.71,,,ok
Game Masters Books/Games Masters Book of Traps Puzzles and Dungeons.pdf,3,,612,783,2,2800x3582,167.81,152.19,,,ok
Game Masters Books/Games Masters Book of Traps Puzzles and Dungeons.pdf,3,,612,783,text,,,,992,9.1,ok
Game Masters Books/Games Masters Book of Traps Puzzles and Dungeons.pdf,11,,612,783,1,1400x1791,73.48,64.43,,,ok
Game Masters Books/Games Masters Book of Traps Puzzles and Dungeons.pdf,11,,612,783,2,2800x3582,120.32,104.28,,,ok
Game Masters Books/Games Masters Book of Traps Puzzles and Dungeons.pdf,11,,612,783,text,,,,205,8.45,ok
Game Masters Books/Games Masters Book of Traps Puzzles and Dungeons.pdf,22,,612,783,1,1400x1791,21.18,10.85,,,ok
Game Masters Books/Games Masters Book of Traps Puzzles and Dungeons.pdf,22,,612,783,2,2800x3582,33.11,23.67,,,ok
Game Masters Books/Games Masters Book of Traps Puzzles and Dungeons.pdf,22,,612,783,text,,,,3989,9.77,ok
Game Masters Books/Games Masters Book of Traps Puzzles and Dungeons.pdf,33,,612,783,1,1400x1791,52.73,42.99,,,ok
Game Masters Books/Games Masters Book of Traps Puzzles and Dungeons.pdf,33,,612,783,2,2800x3582,81.77,72.57,,,ok
Game Masters Books/Games Masters Book of Traps Puzzles and Dungeons.pdf,33,,612,783,text,,,,3894,9.34,ok
Game Masters Books/Games Masters Book of Traps Puzzles and Dungeons.pdf,44,,612,783,1,1400x1791,13.51,4.61,,,ok
Game Masters Books/Games Masters Book of Traps Puzzles and Dungeons.pdf,44,,612,783,2,2800x3582,18.36,9.73,,,ok
Game Masters Books/Games Masters Book of Traps Puzzles and Dungeons.pdf,44,,612,783,text,,,,1848,8.52,ok
Game Masters Books/Games Masters Book of Traps Puzzles and Dungeons.pdf,54,,612,783,1,1400x1791,17.14,9.34,,,ok
Game Masters Books/Games Masters Book of Traps Puzzles and Dungeons.pdf,54,,612,783,2,2800x3582,26.98,17.64,,,ok
Game Masters Books/Games Masters Book of Traps Puzzles and Dungeons.pdf,54,,612,783,text,,,,4501,9.57,ok
Game Masters Books/Games Masters Book of Traps Puzzles and Dungeons.pdf,65,,612,783,1,1400x1791,17.69,8.68,,,ok
Game Masters Books/Games Masters Book of Traps Puzzles and Dungeons.pdf,65,,612,783,2,2800x3582,28.15,18.91,,,ok
Game Masters Books/Games Masters Book of Traps Puzzles and Dungeons.pdf,65,,612,783,text,,,,3280,9.06,ok
Game Masters Books/Games Masters Book of Traps Puzzles and Dungeons.pdf,76,,612,783,1,1400x1791,19.65,8.9,,,ok
Game Masters Books/Games Masters Book of Traps Puzzles and Dungeons.pdf,76,,612,783,2,2800x3582,30.15,20.52,,,ok
Game Masters Books/Games Masters Book of Traps Puzzles and Dungeons.pdf,76,,612,783,text,,,,3165,9.01,ok
Game Masters Books/Games Masters Book of Traps Puzzles and Dungeons.pdf,87,,612,783,1,1400x1791,18.75,8.92,,,ok
Game Masters Books/Games Masters Book of Traps Puzzles and Dungeons.pdf,87,,612,783,2,2800x3582,26.69,17.57,,,ok
Game Masters Books/Games Masters Book of Traps Puzzles and Dungeons.pdf,87,,612,783,text,,,,2942,8.69,ok
Game Masters Books/Games Masters Book of Traps Puzzles and Dungeons.pdf,97,,612,783,1,1400x1791,12.36,4.68,,,ok
Game Masters Books/Games Masters Book of Traps Puzzles and Dungeons.pdf,97,,612,783,2,2800x3582,20.53,11.73,,,ok
Game Masters Books/Games Masters Book of Traps Puzzles and Dungeons.pdf,97,,612,783,text,,,,2563,9.02,ok
Game Masters Books/Games Masters Book of Traps Puzzles and Dungeons.pdf,108,,612,783,1,1400x1791,2280.01,2270.96,,,ok
Game Masters Books/Games Masters Book of Traps Puzzles and Dungeons.pdf,108,,612,783,2,2800x3582,2462.47,2453.28,,,ok
Game Masters Books/Games Masters Book of Traps Puzzles and Dungeons.pdf,108,,612,783,text,,,,2249,11.38,ok
Game Masters Books/Games Masters Book of Traps Puzzles and Dungeons.pdf,119,,612,783,1,1400x1791,15.67,7.77,,,ok
Game Masters Books/Games Masters Book of Traps Puzzles and Dungeons.pdf,119,,612,783,2,2800x3582,17.8,8.88,,,ok
Game Masters Books/Games Masters Book of Traps Puzzles and Dungeons.pdf,119,,612,783,text,,,,851,8.69,ok
Game Masters Books/Games Masters Book of Traps Puzzles and Dungeons.pdf,130,,612,783,1,1400x1791,19.55,10.34,,,ok
Game Masters Books/Games Masters Book of Traps Puzzles and Dungeons.pdf,130,,612,783,2,2800x3582,26.15,17.08,,,ok
Game Masters Books/Games Masters Book of Traps Puzzles and Dungeons.pdf,130,,612,783,text,,,,2334,9.61,ok
Game Masters Books/Games Masters Book of Traps Puzzles and Dungeons.pdf,140,,612,783,1,1400x1791,16.47,7.7,,,ok
Game Masters Books/Games Masters Book of Traps Puzzles and Dungeons.pdf,140,,612,783,2,2800x3582,28.81,18.84,,,ok
Game Masters Books/Games Masters Book of Traps Puzzles and Dungeons.pdf,140,,612,783,text,,,,2879,9.72,ok
Game Masters Books/Games Masters Book of Traps Puzzles and Dungeons.pdf,151,,612,783,1,1400x1791,158.62,149.42,,,ok
Game Masters Books/Games Masters Book of Traps Puzzles and Dungeons.pdf,151,,612,783,2,2800x3582,187.86,178.62,,,ok
Game Masters Books/Games Masters Book of Traps Puzzles and Dungeons.pdf,151,,612,783,text,,,,48,9.24,ok
Game Masters Books/Games Masters Book of Traps Puzzles and Dungeons.pdf,162,,612,783,1,1400x1791,19.39,11.41,,,ok
Game Masters Books/Games Masters Book of Traps Puzzles and Dungeons.pdf,162,,612,783,2,2800x3582,29.73,20.52,,,ok
Game Masters Books/Games Masters Book of Traps Puzzles and Dungeons.pdf,162,,612,783,text,,,,3350,11.95,ok
Game Masters Books/Games Masters Book of Traps Puzzles and Dungeons.pdf,173,,612,783,1,1400x1791,153.54,144.37,,,ok
Game Masters Books/Games Masters Book of Traps Puzzles and Dungeons.pdf,173,,612,783,2,2800x3582,178.47,169.57,,,ok
Game Masters Books/Games Masters Book of Traps Puzzles and Dungeons.pdf,173,,612,783,text,,,,50,8.3,ok
Game Masters Books/Games Masters Book of Traps Puzzles and Dungeons.pdf,183,,612,783,1,1400x1791,165.91,156.95,,,ok
Game Masters Books/Games Masters Book of Traps Puzzles and Dungeons.pdf,183,,612,783,2,2800x3582,199.82,190.88,,,ok
Game Masters Books/Games Masters Book of Traps Puzzles and Dungeons.pdf,183,,612,783,text,,,,77,9.01,ok
Game Masters Books/Games Masters Book of Traps Puzzles and Dungeons.pdf,194,,612,783,1,1400x1791,24.84,13.6,,,ok
Game Masters Books/Games Masters Book of Traps Puzzles and Dungeons.pdf,194,,612,783,2,2800x3582,30.01,21.3,,,ok
Game Masters Books/Games Masters Book of Traps Puzzles and Dungeons.pdf,194,,612,783,text,,,,3614,10.79,ok
Game Masters Books/Games Masters Book of Traps Puzzles and Dungeons.pdf,205,,612,783,1,1400x1791,166.84,158.7,,,ok
Game Masters Books/Games Masters Book of Traps Puzzles and Dungeons.pdf,205,,612,783,2,2800x3582,198.99,187.94,,,ok
Game Masters Books/Games Masters Book of Traps Puzzles and Dungeons.pdf,205,,612,783,text,,,,51,8.05,ok
Game Masters Books/Games Masters Book of Traps Puzzles and Dungeons.pdf,216,,612,783,1,1400x1791,26.2,15.66,,,ok
Game Masters Books/Games Masters Book of Traps Puzzles and Dungeons.pdf,216,,612,783,2,2800x3582,37.84,28.2,,,ok
Game Masters Books/Games Masters Book of Traps Puzzles and Dungeons.pdf,216,,612,783,text,,,,3821,10.94,ok
Game Masters Books/Games Masters Book of Traps Puzzles and Dungeons.pdf,226,,612,783,1,1400x1791,16.57,8.52,,,ok
Game Masters Books/Games Masters Book of Traps Puzzles and Dungeons.pdf,226,,612,783,2,2800x3582,27.09,18.32,,,ok
Game Masters Books/Games Masters Book of Traps Puzzles and Dungeons.pdf,226,,612,783,text,,,,3179,11.49,ok
Game Masters Books/Games Masters Book of Traps Puzzles and Dungeons.pdf,259,,1406.16,897.84,1,1400x894,53.99,43.7,,,ok
Game Masters Books/Games Masters Book of Traps Puzzles and Dungeons.pdf,259,,1406.16,897.84,2,2800x1788,58.26,43.97,,,ok
Game Masters Books/Games Masters Book of Traps Puzzles and Dungeons.pdf,259,,1406.16,897.84,text,,,,400,30.58,ok
DungeonCrawlerCarl/carl_rpg_core_rulebook_digital_hi-res_watermarked.pdf,1,i,612,783.01,1,1400x1791,257.15,242.61,,,ok
DungeonCrawlerCarl/carl_rpg_core_rulebook_digital_hi-res_watermarked.pdf,1,i,612,783.01,2,2800x3582,596.26,580.68,,,ok
DungeonCrawlerCarl/carl_rpg_core_rulebook_digital_hi-res_watermarked.pdf,1,i,612,783.01,text,,,,2040,27.98,ok
DungeonCrawlerCarl/carl_rpg_core_rulebook_digital_hi-res_watermarked.pdf,2,ii,612,783.01,1,1400x1791,227.67,218.7,,,ok
DungeonCrawlerCarl/carl_rpg_core_rulebook_digital_hi-res_watermarked.pdf,2,ii,612,783.01,2,2800x3582,550.62,539.36,,,ok
DungeonCrawlerCarl/carl_rpg_core_rulebook_digital_hi-res_watermarked.pdf,2,ii,612,783.01,text,,,,2040,24.21,ok
DungeonCrawlerCarl/carl_rpg_core_rulebook_digital_hi-res_watermarked.pdf,3,1,612,783,1,1400x1791,133.2,125.16,,,ok
DungeonCrawlerCarl/carl_rpg_core_rulebook_digital_hi-res_watermarked.pdf,3,1,612,783,2,2800x3582,283.51,274.1,,,ok
DungeonCrawlerCarl/carl_rpg_core_rulebook_digital_hi-res_watermarked.pdf,3,1,612,783,text,,,,93,7.64,ok
DungeonCrawlerCarl/carl_rpg_core_rulebook_digital_hi-res_watermarked.pdf,28,26,612,783,1,1400x1791,207.48,199.07,,,ok
DungeonCrawlerCarl/carl_rpg_core_rulebook_digital_hi-res_watermarked.pdf,28,26,612,783,2,2800x3582,457.39,448.83,,,ok
DungeonCrawlerCarl/carl_rpg_core_rulebook_digital_hi-res_watermarked.pdf,28,26,612,783,text,,,,1235,9.48,ok
DungeonCrawlerCarl/carl_rpg_core_rulebook_digital_hi-res_watermarked.pdf,55,53,612,783,1,1400x1791,140.31,132.23,,,ok
DungeonCrawlerCarl/carl_rpg_core_rulebook_digital_hi-res_watermarked.pdf,55,53,612,783,2,2800x3582,312.57,303.88,,,ok
DungeonCrawlerCarl/carl_rpg_core_rulebook_digital_hi-res_watermarked.pdf,55,53,612,783,text,,,,2669,10.19,ok
DungeonCrawlerCarl/carl_rpg_core_rulebook_digital_hi-res_watermarked.pdf,82,80,612,783,1,1400x1791,136.7,126.05,,,ok
DungeonCrawlerCarl/carl_rpg_core_rulebook_digital_hi-res_watermarked.pdf,82,80,612,783,2,2800x3582,300.99,291.65,,,ok
DungeonCrawlerCarl/carl_rpg_core_rulebook_digital_hi-res_watermarked.pdf,82,80,612,783,text,,,,3181,12.91,ok
DungeonCrawlerCarl/carl_rpg_core_rulebook_digital_hi-res_watermarked.pdf,109,107,612,783,1,1400x1791,136.38,127.95,,,ok
DungeonCrawlerCarl/carl_rpg_core_rulebook_digital_hi-res_watermarked.pdf,109,107,612,783,2,2800x3582,296.24,287.5,,,ok
DungeonCrawlerCarl/carl_rpg_core_rulebook_digital_hi-res_watermarked.pdf,109,107,612,783,text,,,,1921,9.9,ok
DungeonCrawlerCarl/carl_rpg_core_rulebook_digital_hi-res_watermarked.pdf,136,134,612,783,1,1400x1791,145.78,137.21,,,ok
DungeonCrawlerCarl/carl_rpg_core_rulebook_digital_hi-res_watermarked.pdf,136,134,612,783,2,2800x3582,311.51,302.2,,,ok
DungeonCrawlerCarl/carl_rpg_core_rulebook_digital_hi-res_watermarked.pdf,136,134,612,783,text,,,,1962,10.76,ok
DungeonCrawlerCarl/carl_rpg_core_rulebook_digital_hi-res_watermarked.pdf,163,161,612,783,1,1400x1791,130.71,122.36,,,ok
DungeonCrawlerCarl/carl_rpg_core_rulebook_digital_hi-res_watermarked.pdf,163,161,612,783,2,2800x3582,299.69,290.72,,,ok
DungeonCrawlerCarl/carl_rpg_core_rulebook_digital_hi-res_watermarked.pdf,163,161,612,783,text,,,,3093,9.99,ok
DungeonCrawlerCarl/carl_rpg_core_rulebook_digital_hi-res_watermarked.pdf,190,188,612,783,1,1400x1791,146.13,137.74,,,ok
DungeonCrawlerCarl/carl_rpg_core_rulebook_digital_hi-res_watermarked.pdf,190,188,612,783,2,2800x3582,299.55,289.24,,,ok
DungeonCrawlerCarl/carl_rpg_core_rulebook_digital_hi-res_watermarked.pdf,190,188,612,783,text,,,,2047,11.04,ok
DungeonCrawlerCarl/carl_rpg_core_rulebook_digital_hi-res_watermarked.pdf,217,215,612,783,1,1400x1791,159.92,152.12,,,ok
DungeonCrawlerCarl/carl_rpg_core_rulebook_digital_hi-res_watermarked.pdf,217,215,612,783,2,2800x3582,319.92,311.28,,,ok
DungeonCrawlerCarl/carl_rpg_core_rulebook_digital_hi-res_watermarked.pdf,217,215,612,783,text,,,,2061,9.47,ok
DungeonCrawlerCarl/carl_rpg_core_rulebook_digital_hi-res_watermarked.pdf,244,242,612,783,1,1400x1791,141.83,133,,,ok
DungeonCrawlerCarl/carl_rpg_core_rulebook_digital_hi-res_watermarked.pdf,244,242,612,783,2,2800x3582,285.66,277.1,,,ok
DungeonCrawlerCarl/carl_rpg_core_rulebook_digital_hi-res_watermarked.pdf,244,242,612,783,text,,,,3737,12.62,ok
DungeonCrawlerCarl/carl_rpg_core_rulebook_digital_hi-res_watermarked.pdf,271,269,612,783,1,1400x1791,145.4,136.98,,,ok
DungeonCrawlerCarl/carl_rpg_core_rulebook_digital_hi-res_watermarked.pdf,271,269,612,783,2,2800x3582,312.52,303.66,,,ok
DungeonCrawlerCarl/carl_rpg_core_rulebook_digital_hi-res_watermarked.pdf,271,269,612,783,text,,,,2678,9.1,ok
DungeonCrawlerCarl/carl_rpg_core_rulebook_digital_hi-res_watermarked.pdf,298,296,612,783,1,1400x1791,138.14,128.67,,,ok
DungeonCrawlerCarl/carl_rpg_core_rulebook_digital_hi-res_watermarked.pdf,298,296,612,783,2,2800x3582,289.38,280.83,,,ok
DungeonCrawlerCarl/carl_rpg_core_rulebook_digital_hi-res_watermarked.pdf,298,296,612,783,text,,,,3020,10.77,ok
DungeonCrawlerCarl/carl_rpg_core_rulebook_digital_hi-res_watermarked.pdf,325,323,612,783,1,1400x1791,137.14,128.98,,,ok
DungeonCrawlerCarl/carl_rpg_core_rulebook_digital_hi-res_watermarked.pdf,325,323,612,783,2,2800x3582,284.83,276.21,,,ok
DungeonCrawlerCarl/carl_rpg_core_rulebook_digital_hi-res_watermarked.pdf,325,323,612,783,text,,,,3882,10.23,ok
DungeonCrawlerCarl/carl_rpg_core_rulebook_digital_hi-res_watermarked.pdf,326,324,612,783,1,1400x1791,147.77,139.17,,,ok
DungeonCrawlerCarl/carl_rpg_core_rulebook_digital_hi-res_watermarked.pdf,326,324,612,783,2,2800x3582,293.78,285.24,,,ok
DungeonCrawlerCarl/carl_rpg_core_rulebook_digital_hi-res_watermarked.pdf,326,324,612,783,text,,,,3647,14.3,ok
DungeonCrawlerCarl/carl_rpg_core_rulebook_digital_hi-res_watermarked.pdf,352,350,612,783,1,1400x1791,130.46,122.78,,,ok
DungeonCrawlerCarl/carl_rpg_core_rulebook_digital_hi-res_watermarked.pdf,352,350,612,783,2,2800x3582,283.36,274.71,,,ok
DungeonCrawlerCarl/carl_rpg_core_rulebook_digital_hi-res_watermarked.pdf,352,350,612,783,text,,,,3212,11.85,ok
DungeonCrawlerCarl/carl_rpg_core_rulebook_digital_hi-res_watermarked.pdf,379,377,612,783,1,1400x1791,136.1,127.62,,,ok
DungeonCrawlerCarl/carl_rpg_core_rulebook_digital_hi-res_watermarked.pdf,379,377,612,783,2,2800x3582,289.91,281.29,,,ok
DungeonCrawlerCarl/carl_rpg_core_rulebook_digital_hi-res_watermarked.pdf,379,377,612,783,text,,,,3076,10.96,ok
DungeonCrawlerCarl/carl_rpg_core_rulebook_digital_hi-res_watermarked.pdf,406,404,612,783,1,1400x1791,132.16,124.28,,,ok
DungeonCrawlerCarl/carl_rpg_core_rulebook_digital_hi-res_watermarked.pdf,406,404,612,783,2,2800x3582,287.06,278.27,,,ok
DungeonCrawlerCarl/carl_rpg_core_rulebook_digital_hi-res_watermarked.pdf,406,404,612,783,text,,,,2640,10.72,ok
DungeonCrawlerCarl/carl_rpg_core_rulebook_digital_hi-res_watermarked.pdf,433,431,612,783,1,1400x1791,131.15,121.94,,,ok
DungeonCrawlerCarl/carl_rpg_core_rulebook_digital_hi-res_watermarked.pdf,433,431,612,783,2,2800x3582,287.97,279.04,,,ok
DungeonCrawlerCarl/carl_rpg_core_rulebook_digital_hi-res_watermarked.pdf,433,431,612,783,text,,,,2723,9.63,ok
DungeonCrawlerCarl/carl_rpg_core_rulebook_digital_hi-res_watermarked.pdf,460,458,612,783,1,1400x1791,153.81,145.28,,,ok
DungeonCrawlerCarl/carl_rpg_core_rulebook_digital_hi-res_watermarked.pdf,460,458,612,783,2,2800x3582,293.39,284.78,,,ok
DungeonCrawlerCarl/carl_rpg_core_rulebook_digital_hi-res_watermarked.pdf,460,458,612,783,text,,,,3285,11.54,ok
DungeonCrawlerCarl/carl_rpg_core_rulebook_digital_hi-res_watermarked.pdf,487,485,612,783,1,1400x1791,130.21,121.67,,,ok
DungeonCrawlerCarl/carl_rpg_core_rulebook_digital_hi-res_watermarked.pdf,487,485,612,783,2,2800x3582,293.93,285.57,,,ok
DungeonCrawlerCarl/carl_rpg_core_rulebook_digital_hi-res_watermarked.pdf,487,485,612,783,text,,,,4120,11.04,ok
DungeonCrawlerCarl/carl_rpg_core_rulebook_digital_hi-res_watermarked.pdf,514,512,612,783,1,1400x1791,152.74,144.87,,,ok
DungeonCrawlerCarl/carl_rpg_core_rulebook_digital_hi-res_watermarked.pdf,514,512,612,783,2,2800x3582,345.38,336.92,,,ok
DungeonCrawlerCarl/carl_rpg_core_rulebook_digital_hi-res_watermarked.pdf,514,512,612,783,text,,,,1537,9.88,ok
DungeonCrawlerCarl/carl_rpg_core_rulebook_digital_hi-res_watermarked.pdf,541,539,612,783,1,1400x1791,136.43,127.4,,,ok
DungeonCrawlerCarl/carl_rpg_core_rulebook_digital_hi-res_watermarked.pdf,541,539,612,783,2,2800x3582,301.44,292.9,,,ok
DungeonCrawlerCarl/carl_rpg_core_rulebook_digital_hi-res_watermarked.pdf,541,539,612,783,text,,,,2967,9.78,ok
DungeonCrawlerCarl/carl_rpg_core_rulebook_digital_hi-res_watermarked.pdf,650,648,612,783,1,1400x1791,133.83,126.11,,,ok
DungeonCrawlerCarl/carl_rpg_core_rulebook_digital_hi-res_watermarked.pdf,650,648,612,783,2,2800x3582,288.37,278.46,,,ok
DungeonCrawlerCarl/carl_rpg_core_rulebook_digital_hi-res_watermarked.pdf,650,648,612,783,text,,,,4008,13.13,ok
Game Masters Books/Games Masters Book of Astonishing Random Tables.pdf,1,GM Guide 5_World Building_Batch 1.jpg,610.95,783.53,1,1400x1795,223.53,212.23,,,ok
Game Masters Books/Games Masters Book of Astonishing Random Tables.pdf,1,GM Guide 5_World Building_Batch 1.jpg,610.95,783.53,2,2800x3591,257.65,240.72,,,ok
Game Masters Books/Games Masters Book of Astonishing Random Tables.pdf,1,GM Guide 5_World Building_Batch 1.jpg,610.95,783.53,text,,,,2226,18.18,ok
Game Masters Books/Games Masters Book of Astonishing Random Tables.pdf,2,GM Guide 5_World Building_Batch 1.jpg,612,782.88,1,1400x1791,23.8,15.95,,,ok
Game Masters Books/Games Masters Book of Astonishing Random Tables.pdf,2,GM Guide 5_World Building_Batch 1.jpg,612,782.88,2,2800x3582,43.35,32.55,,,ok
Game Masters Books/Games Masters Book of Astonishing Random Tables.pdf,2,GM Guide 5_World Building_Batch 1.jpg,612,782.88,text,,,,0,6.96,ok
Game Masters Books/Games Masters Book of Astonishing Random Tables.pdf,3,GM Guide 5_World Building_Batch 1.jpg,612,782.88,1,1400x1791,23.14,15.23,,,ok
Game Masters Books/Games Masters Book of Astonishing Random Tables.pdf,3,GM Guide 5_World Building_Batch 1.jpg,612,782.88,2,2800x3582,43.57,32.56,,,ok
Game Masters Books/Games Masters Book of Astonishing Random Tables.pdf,3,GM Guide 5_World Building_Batch 1.jpg,612,782.88,text,,,,0,7.22,ok
Game Masters Books/Games Masters Book of Astonishing Random Tables.pdf,13,GM Guide 5_World Building_Batch 15.jpg,612,782.88,1,1400x1791,24.27,16.34,,,ok
Game Masters Books/Games Masters Book of Astonishing Random Tables.pdf,13,GM Guide 5_World Building_Batch 15.jpg,612,782.88,2,2800x3582,46.59,33.67,,,ok
Game Masters Books/Games Masters Book of Astonishing Random Tables.pdf,13,GM Guide 5_World Building_Batch 15.jpg,612,782.88,text,,,,0,7.69,ok
Game Masters Books/Games Masters Book of Astonishing Random Tables.pdf,25,GM Guide 5_World Building_Batch 117.jpg,612,782.88,1,1400x1791,25.26,17.01,,,ok
Game Masters Books/Games Masters Book of Astonishing Random Tables.pdf,25,GM Guide 5_World Building_Batch 117.jpg,612,782.88,2,2800x3582,42.65,34.07,,,ok
Game Masters Books/Games Masters Book of Astonishing Random Tables.pdf,25,GM Guide 5_World Building_Batch 117.jpg,612,782.88,text,,,,0,7.32,ok
Game Masters Books/Games Masters Book of Astonishing Random Tables.pdf,37,GM Guide 5_World Building_Batch 129.jpg,612,782.88,1,1400x1791,25.22,16.88,,,ok
Game Masters Books/Games Masters Book of Astonishing Random Tables.pdf,37,GM Guide 5_World Building_Batch 129.jpg,612,782.88,2,2800x3582,42.84,34.22,,,ok
Game Masters Books/Games Masters Book of Astonishing Random Tables.pdf,37,GM Guide 5_World Building_Batch 129.jpg,612,782.88,text,,,,0,10.77,ok
Game Masters Books/Games Masters Book of Astonishing Random Tables.pdf,49,GM Guide 5_World Building_Batch 141.jpg,612,782.88,1,1400x1791,40.24,19.96,,,ok
Game Masters Books/Games Masters Book of Astonishing Random Tables.pdf,49,GM Guide 5_World Building_Batch 141.jpg,612,782.88,2,2800x3582,51.3,40.17,,,ok
Game Masters Books/Games Masters Book of Astonishing Random Tables.pdf,49,GM Guide 5_World Building_Batch 141.jpg,612,782.88,text,,,,0,8.9,ok
Game Masters Books/Games Masters Book of Astonishing Random Tables.pdf,61,GM Guide 5_World Building_Batch 142.jpg,612,782.88,1,1400x1791,26.35,18.72,,,ok
Game Masters Books/Games Masters Book of Astonishing Random Tables.pdf,61,GM Guide 5_World Building_Batch 142.jpg,612,782.88,2,2800x3582,42.7,34.05,,,ok
Game Masters Books/Games Masters Book of Astonishing Random Tables.pdf,61,GM Guide 5_World Building_Batch 142.jpg,612,782.88,text,,,,0,7.32,ok
Game Masters Books/Games Masters Book of Astonishing Random Tables.pdf,73,GM Guide 5_World Building_Batch 142.jpg,612,782.88,1,1400x1791,29.85,15.89,,,ok
Game Masters Books/Games Masters Book of Astonishing Random Tables.pdf,73,GM Guide 5_World Building_Batch 142.jpg,612,782.88,2,2800x3582,41.94,33.34,,,ok
Game Masters Books/Games Masters Book of Astonishing Random Tables.pdf,73,GM Guide 5_World Building_Batch 142.jpg,612,782.88,text,,,,0,7.19,ok
Game Masters Books/Games Masters Book of Astonishing Random Tables.pdf,85,GM Guide 5_World Building_Batch 142.jpg,612,782.88,1,1400x1791,25.09,17.23,,,ok
Game Masters Books/Games Masters Book of Astonishing Random Tables.pdf,85,GM Guide 5_World Building_Batch 142.jpg,612,782.88,2,2800x3582,42.94,34.72,,,ok
Game Masters Books/Games Masters Book of Astonishing Random Tables.pdf,85,GM Guide 5_World Building_Batch 142.jpg,612,782.88,text,,,,0,7.16,ok
Game Masters Books/Games Masters Book of Astonishing Random Tables.pdf,97,GM Guide 5_World Building_Batch 142.jpg,612,782.88,1,1400x1791,26.46,18.22,,,ok
Game Masters Books/Games Masters Book of Astonishing Random Tables.pdf,97,GM Guide 5_World Building_Batch 142.jpg,612,782.88,2,2800x3582,43.88,34.77,,,ok
Game Masters Books/Games Masters Book of Astonishing Random Tables.pdf,97,GM Guide 5_World Building_Batch 142.jpg,612,782.88,text,,,,0,7.05,ok
Game Masters Books/Games Masters Book of Astonishing Random Tables.pdf,109,GM Guide 5_World Building_Batch 142.jpg,612,782.88,1,1400x1791,24.54,17.01,,,ok
Game Masters Books/Games Masters Book of Astonishing Random Tables.pdf,109,GM Guide 5_World Building_Batch 142.jpg,612,782.88,2,2800x3582,42.81,34.44,,,ok
Game Masters Books/Games Masters Book of Astonishing Random Tables.pdf,109,GM Guide 5_World Building_Batch 142.jpg,612,782.88,text,,,,0,7.22,ok
Game Masters Books/Games Masters Book of Astonishing Random Tables.pdf,121,GM Guide 5_World Building_Batch 142.jpg,612,782.88,1,1400x1791,25.55,16.75,,,ok
Game Masters Books/Games Masters Book of Astonishing Random Tables.pdf,121,GM Guide 5_World Building_Batch 142.jpg,612,782.88,2,2800x3582,42.74,33.86,,,ok
Game Masters Books/Games Masters Book of Astonishing Random Tables.pdf,121,GM Guide 5_World Building_Batch 142.jpg,612,782.88,text,,,,0,7.09,ok
Game Masters Books/Games Masters Book of Astonishing Random Tables.pdf,133,GM Guide 5_World Building_Batch 142.jpg,612,782.88,1,1400x1791,25.6,17.26,,,ok
Game Masters Books/Games Masters Book of Astonishing Random Tables.pdf,133,GM Guide 5_World Building_Batch 142.jpg,612,782.88,2,2800x3582,42.96,34.69,,,ok
Game Masters Books/Games Masters Book of Astonishing Random Tables.pdf,133,GM Guide 5_World Building_Batch 142.jpg,612,782.88,text,,,,0,7.53,ok
Game Masters Books/Games Masters Book of Astonishing Random Tables.pdf,145,GM Guide 5_World Building_Batch 142.jpg,612,782.88,1,1400x1791,25.9,17.91,,,ok
Game Masters Books/Games Masters Book of Astonishing Random Tables.pdf,145,GM Guide 5_World Building_Batch 142.jpg,612,782.88,2,2800x3582,42.65,34.21,,,ok
Game Masters Books/Games Masters Book of Astonishing Random Tables.pdf,145,GM Guide 5_World Building_Batch 142.jpg,612,782.88,text,,,,0,7.04,ok
Game Masters Books/Games Masters Book of Astonishing Random Tables.pdf,146,GM Guide 5_World Building_Batch 142.jpg,612,782.88,1,1400x1791,24.26,16.69,,,ok
Game Masters Books/Games Masters Book of Astonishing Random Tables.pdf,146,GM Guide 5_World Building_Batch 142.jpg,612,782.88,2,2800x3582,42.08,33.69,,,ok
Game Masters Books/Games Masters Book of Astonishing Random Tables.pdf,146,GM Guide 5_World Building_Batch 142.jpg,612,782.88,text,,,,0,7.24,ok
Game Masters Books/Games Masters Book of Astonishing Random Tables.pdf,157,GM Guide 5_World Building_Batch 142.jpg,612,782.88,1,1400x1791,23.61,15.4,,,ok
Game Masters Books/Games Masters Book of Astonishing Random Tables.pdf,157,GM Guide 5_World Building_Batch 142.jpg,612,782.88,2,2800x3582,41.82,32.84,,,ok
Game Masters Books/Games Masters Book of Astonishing Random Tables.pdf,157,GM Guide 5_World Building_Batch 142.jpg,612,782.88,text,,,,0,7.23,ok
Game Masters Books/Games Masters Book of Astonishing Random Tables.pdf,169,GM Guide 5_World Building_Batch 142.jpg,612,782.88,1,1400x1791,24.8,17.35,,,ok
Game Masters Books/Games Masters Book of Astonishing Random Tables.pdf,169,GM Guide 5_World Building_Batch 142.jpg,612,782.88,2,2800x3582,42.79,34.39,,,ok
Game Masters Books/Games Masters Book of Astonishing Random Tables.pdf,169,GM Guide 5_World Building_Batch 142.jpg,612,782.88,text,,,,0,7.06,ok
Game Masters Books/Games Masters Book of Astonishing Random Tables.pdf,181,GM Guide 5_World Building_Batch 142.jpg,612,782.88,1,1400x1791,24.97,16.75,,,ok
Game Masters Books/Games Masters Book of Astonishing Random Tables.pdf,181,GM Guide 5_World Building_Batch 142.jpg,612,782.88,2,2800x3582,42.04,33.91,,,ok
Game Masters Books/Games Masters Book of Astonishing Random Tables.pdf,181,GM Guide 5_World Building_Batch 142.jpg,612,782.88,text,,,,0,7.43,ok
Game Masters Books/Games Masters Book of Astonishing Random Tables.pdf,193,GM Guide 5_World Building_Batch 142.jpg,612,782.88,1,1400x1791,24.87,17.29,,,ok
Game Masters Books/Games Masters Book of Astonishing Random Tables.pdf,193,GM Guide 5_World Building_Batch 142.jpg,612,782.88,2,2800x3582,42.49,34.26,,,ok
Game Masters Books/Games Masters Book of Astonishing Random Tables.pdf,193,GM Guide 5_World Building_Batch 142.jpg,612,782.88,text,,,,0,7.8,ok
Game Masters Books/Games Masters Book of Astonishing Random Tables.pdf,205,GM Guide 5_World Building_Batch 142.jpg,612,782.88,1,1400x1791,24.03,15.77,,,ok
Game Masters Books/Games Masters Book of Astonishing Random Tables.pdf,205,GM Guide 5_World Building_Batch 142.jpg,612,782.88,2,2800x3582,41.55,32.99,,,ok
Game Masters Books/Games Masters Book of Astonishing Random Tables.pdf,205,GM Guide 5_World Building_Batch 142.jpg,612,782.88,text,,,,0,6.9,ok
Game Masters Books/Games Masters Book of Astonishing Random Tables.pdf,217,GM Guide 5_World Building_Batch 142.jpg,612,782.88,1,1400x1791,23.48,16,,,ok
Game Masters Books/Games Masters Book of Astonishing Random Tables.pdf,217,GM Guide 5_World Building_Batch 142.jpg,612,782.88,2,2800x3582,41.85,33.66,,,ok
Game Masters Books/Games Masters Book of Astonishing Random Tables.pdf,217,GM Guide 5_World Building_Batch 142.jpg,612,782.88,text,,,,0,7.57,ok
Game Masters Books/Games Masters Book of Astonishing Random Tables.pdf,229,GM Guide 5_World Building_Batch 142.jpg,612,782.88,1,1400x1791,25.91,17.22,,,ok
Game Masters Books/Games Masters Book of Astonishing Random Tables.pdf,229,GM Guide 5_World Building_Batch 142.jpg,612,782.88,2,2800x3582,43,34.47,,,ok
Game Masters Books/Games Masters Book of Astonishing Random Tables.pdf,229,GM Guide 5_World Building_Batch 142.jpg,612,782.88,text,,,,0,7.19,ok
Game Masters Books/Games Masters Book of Astonishing Random Tables.pdf,241,GM Guide 5_World Building_Batch 142.jpg,612,782.88,1,1400x1791,24.02,16.66,,,ok
Game Masters Books/Games Masters Book of Astonishing Random Tables.pdf,241,GM Guide 5_World Building_Batch 142.jpg,612,782.88,2,2800x3582,41.96,33.84,,,ok
Game Masters Books/Games Masters Book of Astonishing Random Tables.pdf,241,GM Guide 5_World Building_Batch 142.jpg,612,782.88,text,,,,0,7.19,ok
Game Masters Books/Games Masters Book of Astonishing Random Tables.pdf,290,GM Guide 5_World Building_Batch 142.jpg,613.36,780.84,1,1400x1782,199.36,191.14,,,ok
Game Masters Books/Games Masters Book of Astonishing Random Tables.pdf,290,GM Guide 5_World Building_Batch 142.jpg,613.36,780.84,2,2800x3565,225.72,217.51,,,ok
Game Masters Books/Games Masters Book of Astonishing Random Tables.pdf,290,GM Guide 5_World Building_Batch 142.jpg,613.36,780.84,text,,,,2226,13.93,ok
Game Masters Books/Games Masters Book of Legendary Dragons.pdf,1,1_Page_4.jpg,612.65,790.69,1,1400x1807,419.65,406.71,,,ok
Game Masters Books/Games Masters Book of Legendary Dragons.pdf,1,1_Page_4.jpg,612.65,790.69,2,2800x3614,472.97,458.34,,,ok
Game Masters Books/Games Masters Book of Legendary Dragons.pdf,1,1_Page_4.jpg,612.65,790.69,text,,,,1423,21.97,ok
Game Masters Books/Games Masters Book of Legendary Dragons.pdf,2,1_Page_4.jpg,612,783.12,1,1400x1791,361.05,351.73,,,ok
Game Masters Books/Games Masters Book of Legendary Dragons.pdf,2,1_Page_4.jpg,612,783.12,2,2800x3583,379.49,370.79,,,ok
Game Masters Books/Games Masters Book of Legendary Dragons.pdf,2,1_Page_4.jpg,612,783.12,text,,,,0,7.3,ok
Game Masters Books/Games Masters Book of Legendary Dragons.pdf,3,2-3_Page_1.jpg,612,783.12,1,1400x1791,364.11,356.49,,,ok
Game Masters Books/Games Masters Book of Legendary Dragons.pdf,3,2-3_Page_1.jpg,612,783.12,2,2800x3583,383.37,374.93,,,ok
Game Masters Books/Games Masters Book of Legendary Dragons.pdf,3,2-3_Page_1.jpg,612,783.12,text,,,,0,7.3,ok
Game Masters Books/Games Masters Book of Legendary Dragons.pdf,11,10-11_Page_1.jpg,612,783.12,1,1400x1791,361.3,352.82,,,ok
Game Masters Books/Games Masters Book of Legendary Dragons.pdf,11,10-11_Page_1.jpg,612,783.12,2,2800x3583,404.75,396.07,,,ok
Game Masters Books/Games Masters Book of Legendary Dragons.pdf,11,10-11_Page_1.jpg,612,783.12,text,,,,0,7.57,ok
Game Masters Books/Games Masters Book of Legendary Dragons.pdf,21,20-27_Page_1.jpg,612,783.12,1,1400x1791,402.57,394.35,,,ok
Game Masters Books/Games Masters Book of Legendary Dragons.pdf,21,20-27_Page_1.jpg,612,783.12,2,2800x3583,419.86,410.63,,,ok
Game Masters Books/Games Masters Book of Legendary Dragons.pdf,21,20-27_Page_1.jpg,612,783.12,text,,,,0,7.48,ok
Game Masters Books/Games Masters Book of Legendary Dragons.pdf,31,28-32_Page_3.jpg,612,783.12,1,1400x1791,396.31,387.11,,,ok
Game Masters Books/Games Masters Book of Legendary Dragons.pdf,31,28-32_Page_3.jpg,612,783.12,2,2800x3583,412.78,403.17,,,ok
Game Masters Books/Games Masters Book of Legendary Dragons.pdf,31,28-32_Page_3.jpg,612,783.12,text,,,,0,7.24,ok
Game Masters Books/Games Masters Book of Legendary Dragons.pdf,41,28-32_Page_5.jpg,612,783.12,1,1400x1791,395.1,387.18,,,ok
Game Masters Books/Games Masters Book of Legendary Dragons.pdf,41,28-32_Page_5.jpg,612,783.12,2,2800x3583,414.97,405.83,,,ok
Game Masters Books/Games Masters Book of Legendary Dragons.pdf,41,28-32_Page_5.jpg,612,783.12,text,,,,0,7.92,ok
Game Masters Books/Games Masters Book of Legendary Dragons.pdf,51,28-32_Page_5.jpg,612,783.12,1,1400x1791,399.08,390.24,,,ok
Game Masters Books/Games Masters Book of Legendary Dragons.pdf,51,28-32_Page_5.jpg,612,783.12,2,2800x3583,420.1,410.97,,,ok
Game Masters Books/Games Masters Book of Legendary Dragons.pdf,51,28-32_Page_5.jpg,612,783.12,text,,,,0,8.14,ok
Game Masters Books/Games Masters Book of Legendary Dragons.pdf,61,28-32_Page_5.jpg,612,783.12,1,1400x1791,399,389.54,,,ok
Game Masters Books/Games Masters Book of Legendary Dragons.pdf,61,28-32_Page_5.jpg,612,783.12,2,2800x3583,416.23,406.88,,,ok
Game Masters Books/Games Masters Book of Legendary Dragons.pdf,61,28-32_Page_5.jpg,612,783.12,text,,,,0,7.4,ok
Game Masters Books/Games Masters Book of Legendary Dragons.pdf,71,28-32_Page_5.jpg,612,783.12,1,1400x1791,425.6,416.69,,,ok
Game Masters Books/Games Masters Book of Legendary Dragons.pdf,71,28-32_Page_5.jpg,612,783.12,2,2800x3583,441.69,432,,,ok
Game Masters Books/Games Masters Book of Legendary Dragons.pdf,71,28-32_Page_5.jpg,612,783.12,text,,,,0,8.23,ok
Game Masters Books/Games Masters Book of Legendary Dragons.pdf,81,28-32_Page_5.jpg,612,783.12,1,1400x1791,415.2,406.77,,,ok
Game Masters Books/Games Masters Book of Legendary Dragons.pdf,81,28-32_Page_5.jpg,612,783.12,2,2800x3583,418.41,409.48,,,ok
Game Masters Books/Games Masters Book of Legendary Dragons.pdf,81,28-32_Page_5.jpg,612,783.12,text,,,,0,8.45,ok
Game Masters Books/Games Masters Book of Legendary Dragons.pdf,91,28-32_Page_5.jpg,612,783.12,1,1400x1791,421.66,412.61,,,ok
Game Masters Books/Games Masters Book of Legendary Dragons.pdf,91,28-32_Page_5.jpg,612,783.12,2,2800x3583,422.96,414.28,,,ok
Game Masters Books/Games Masters Book of Legendary Dragons.pdf,91,28-32_Page_5.jpg,612,783.12,text,,,,0,7.65,ok
Game Masters Books/Games Masters Book of Legendary Dragons.pdf,101,28-32_Page_5.jpg,612,783.12,1,1400x1791,408.55,400.54,,,ok
Game Masters Books/Games Masters Book of Legendary Dragons.pdf,101,28-32_Page_5.jpg,612,783.12,2,2800x3583,438.66,429.58,,,ok
Game Masters Books/Games Masters Book of Legendary Dragons.pdf,101,28-32_Page_5.jpg,612,783.12,text,,,,0,8.11,ok
Game Masters Books/Games Masters Book of Legendary Dragons.pdf,111,28-32_Page_5.jpg,612,783.12,1,1400x1791,403.15,394.38,,,ok
Game Masters Books/Games Masters Book of Legendary Dragons.pdf,111,28-32_Page_5.jpg,612,783.12,2,2800x3583,419.57,410.91,,,ok
Game Masters Books/Games Masters Book of Legendary Dragons.pdf,111,28-32_Page_5.jpg,612,783.12,text,,,,0,7.7,ok
Game Masters Books/Games Masters Book of Legendary Dragons.pdf,121,28-32_Page_5.jpg,612,783.12,1,1400x1791,391.86,383.86,,,ok
Game Masters Books/Games Masters Book of Legendary Dragons.pdf,121,28-32_Page_5.jpg,612,783.12,2,2800x3583,419.71,410.74,,,ok
Game Masters Books/Games Masters Book of Legendary Dragons.pdf,121,28-32_Page_5.jpg,612,783.12,text,,,,0,9.58,ok
Game Masters Books/Games Masters Book of Legendary Dragons.pdf,122,28-32_Page_5.jpg,612,783.12,1,1400x1791,396.6,388.05,,,ok
Game Masters Books/Games Masters Book of Legendary Dragons.pdf,122,28-32_Page_5.jpg,612,783.12,2,2800x3583,422.53,411.91,,,ok
Game Masters Books/Games Masters Book of Legendary Dragons.pdf,122,28-32_Page_5.jpg,612,783.12,text,,,,0,7.28,ok
Game Masters Books/Games Masters Book of Legendary Dragons.pdf,131,28-32_Page_5.jpg,612,783.12,1,1400x1791,417.5,408.92,,,ok
Game Masters Books/Games Masters Book of Legendary Dragons.pdf,131,28-32_Page_5.jpg,612,783.12,2,2800x3583,418.02,409.34,,,ok
Game Masters Books/Games Masters Book of Legendary Dragons.pdf,131,28-32_Page_5.jpg,612,783.12,text,,,,0,7.61,ok
Game Masters Books/Games Masters Book of Legendary Dragons.pdf,141,28-32_Page_5.jpg,612,783.12,1,1400x1791,401.32,392.48,,,ok
Game Masters Books/Games Masters Book of Legendary Dragons.pdf,141,28-32_Page_5.jpg,612,783.12,2,2800x3583,409.56,400.45,,,ok
Game Masters Books/Games Masters Book of Legendary Dragons.pdf,141,28-32_Page_5.jpg,612,783.12,text,,,,0,7.58,ok
Game Masters Books/Games Masters Book of Legendary Dragons.pdf,151,28-32_Page_5.jpg,612,783.12,1,1400x1791,399.52,391.14,,,ok
Game Masters Books/Games Masters Book of Legendary Dragons.pdf,151,28-32_Page_5.jpg,612,783.12,2,2800x3583,424.76,415.83,,,ok
Game Masters Books/Games Masters Book of Legendary Dragons.pdf,151,28-32_Page_5.jpg,612,783.12,text,,,,0,7.56,ok
Game Masters Books/Games Masters Book of Legendary Dragons.pdf,161,28-32_Page_5.jpg,612,783.12,1,1400x1791,406.77,397.63,,,ok
Game Masters Books/Games Masters Book of Legendary Dragons.pdf,161,28-32_Page_5.jpg,612,783.12,2,2800x3583,437.99,428.76,,,ok
Game Masters Books/Games Masters Book of Legendary Dragons.pdf,161,28-32_Page_5.jpg,612,783.12,text,,,,0,7.48,ok
Game Masters Books/Games Masters Book of Legendary Dragons.pdf,171,28-32_Page_5.jpg,612,783.12,1,1400x1791,423.06,414.7,,,ok
Game Masters Books/Games Masters Book of Legendary Dragons.pdf,171,28-32_Page_5.jpg,612,783.12,2,2800x3583,430.73,421.96,,,ok
Game Masters Books/Games Masters Book of Legendary Dragons.pdf,171,28-32_Page_5.jpg,612,783.12,text,,,,0,7.65,ok
Game Masters Books/Games Masters Book of Legendary Dragons.pdf,181,28-32_Page_5.jpg,612,783.12,1,1400x1791,394.56,385.91,,,ok
Game Masters Books/Games Masters Book of Legendary Dragons.pdf,181,28-32_Page_5.jpg,612,783.12,2,2800x3583,422.17,413.29,,,ok
Game Masters Books/Games Masters Book of Legendary Dragons.pdf,181,28-32_Page_5.jpg,612,783.12,text,,,,0,7.79,ok
Game Masters Books/Games Masters Book of Legendary Dragons.pdf,191,28-32_Page_5.jpg,612,783.12,1,1400x1791,395.74,387.78,,,ok
Game Masters Books/Games Masters Book of Legendary Dragons.pdf,191,28-32_Page_5.jpg,612,783.12,2,2800x3583,438.31,429.02,,,ok
Game Masters Books/Games Masters Book of Legendary Dragons.pdf,191,28-32_Page_5.jpg,612,783.12,text,,,,0,8.82,ok
Game Masters Books/Games Masters Book of Legendary Dragons.pdf,201,28-32_Page_5.jpg,612,783.12,1,1400x1791,401.66,392.87,,,ok
Game Masters Books/Games Masters Book of Legendary Dragons.pdf,201,28-32_Page_5.jpg,612,783.12,2,2800x3583,429.73,421.12,,,ok
Game Masters Books/Games Masters Book of Legendary Dragons.pdf,201,28-32_Page_5.jpg,612,783.12,text,,,,0,8.07,ok
Game Masters Books/Games Masters Book of Legendary Dragons.pdf,242,28-32_Page_5.jpg,617.28,794.94,1,1400x1803,367.65,358.7,,,ok
Game Masters Books/Games Masters Book of Legendary Dragons.pdf,242,28-32_Page_5.jpg,617.28,794.94,2,2800x3606,504.03,493.12,,,ok
Game Masters Books/Games Masters Book of Legendary Dragons.pdf,242,28-32_Page_5.jpg,617.28,794.94,text,,,,1423,27.12,ok
Coriolis/coriolis_rulebook_ENG_digital_201022_opt.pdf,1,,588.22,809.02,1,1400x1926,87.73,76.85,,,ok
Coriolis/coriolis_rulebook_ENG_digital_201022_opt.pdf,1,,588.22,809.02,2,2800x3851,106.25,90.28,,,ok
Coriolis/coriolis_rulebook_ENG_digital_201022_opt.pdf,1,,588.22,809.02,text,,,,1965,13.5,ok
Coriolis/coriolis_rulebook_ENG_digital_201022_opt.pdf,2,,612.28,790.87,1,1400x1808,26.73,18.58,,,ok
Coriolis/coriolis_rulebook_ENG_digital_201022_opt.pdf,2,,612.28,790.87,2,2800x3617,47.34,38.31,,,ok
Coriolis/coriolis_rulebook_ENG_digital_201022_opt.pdf,2,,612.28,790.87,text,,,,1184,8.94,ok
Coriolis/coriolis_rulebook_ENG_digital_201022_opt.pdf,3,,612.28,790.87,1,1400x1808,95.28,87.04,,,ok
Coriolis/coriolis_rulebook_ENG_digital_201022_opt.pdf,3,,612.28,790.87,2,2800x3617,186.51,177.63,,,ok
Coriolis/coriolis_rulebook_ENG_digital_201022_opt.pdf,3,,612.28,790.87,text,,,,118,8.38,ok
Coriolis/coriolis_rulebook_ENG_digital_201022_opt.pdf,17,,612.28,790.87,1,1400x1808,137.34,128.58,,,ok
Coriolis/coriolis_rulebook_ENG_digital_201022_opt.pdf,17,,612.28,790.87,2,2800x3617,356.69,348.27,,,ok
Coriolis/coriolis_rulebook_ENG_digital_201022_opt.pdf,17,,612.28,790.87,text,,,,2738,10.44,ok
Coriolis/coriolis_rulebook_ENG_digital_201022_opt.pdf,33,,612.28,790.87,1,1400x1808,49.06,41.23,,,ok
Coriolis/coriolis_rulebook_ENG_digital_201022_opt.pdf,33,,612.28,790.87,2,2800x3617,110.34,101.41,,,ok
Coriolis/coriolis_rulebook_ENG_digital_201022_opt.pdf,33,,612.28,790.87,text,,,,374,8.1,ok
Coriolis/coriolis_rulebook_ENG_digital_201022_opt.pdf,49,,612.28,790.87,1,1400x1808,48.95,40.85,,,ok
Coriolis/coriolis_rulebook_ENG_digital_201022_opt.pdf,49,,612.28,790.87,2,2800x3617,110.43,101.78,,,ok
Coriolis/coriolis_rulebook_ENG_digital_201022_opt.pdf,49,,612.28,790.87,text,,,,408,7.65,ok
Coriolis/coriolis_rulebook_ENG_digital_201022_opt.pdf,65,,612.28,790.87,1,1400x1808,106.54,98.56,,,ok
Coriolis/coriolis_rulebook_ENG_digital_201022_opt.pdf,65,,612.28,790.87,2,2800x3617,274.95,266.11,,,ok
Coriolis/coriolis_rulebook_ENG_digital_201022_opt.pdf,65,,612.28,790.87,text,,,,1763,9.02,ok
Coriolis/coriolis_rulebook_ENG_digital_201022_opt.pdf,81,,612.28,790.87,1,1400x1808,38.16,29.88,,,ok
Coriolis/coriolis_rulebook_ENG_digital_201022_opt.pdf,81,,612.28,790.87,2,2800x3617,75.58,67.11,,,ok
Coriolis/coriolis_rulebook_ENG_digital_201022_opt.pdf,81,,612.28,790.87,text,,,,0,7.24,ok
Coriolis/coriolis_rulebook_ENG_digital_201022_opt.pdf,97,,612.28,790.87,1,1400x1808,73.78,66.15,,,ok
Coriolis/coriolis_rulebook_ENG_digital_201022_opt.pdf,97,,612.28,790.87,2,2800x3617,183.3,174.61,,,ok
Coriolis/coriolis_rulebook_ENG_digital_201022_opt.pdf,97,,612.28,790.87,text,,,,2113,9.57,ok
Coriolis/coriolis_rulebook_ENG_digital_201022_opt.pdf,113,,612.28,790.87,1,1400x1808,122.58,113.71,,,ok
Coriolis/coriolis_rulebook_ENG_digital_201022_opt.pdf,113,,612.28,790.87,2,2800x3617,320.73,312.24,,,ok
Coriolis/coriolis_rulebook_ENG_digital_201022_opt.pdf,113,,612.28,790.87,text,,,,1833,9.26,ok
Coriolis/coriolis_rulebook_ENG_digital_201022_opt.pdf,129,,612.28,790.87,1,1400x1808,141.9,134.07,,,ok
Coriolis/coriolis_rulebook_ENG_digital_201022_opt.pdf,129,,612.28,790.87,2,2800x3617,338.47,328.97,,,ok
Coriolis/coriolis_rulebook_ENG_digital_201022_opt.pdf,129,,612.28,790.87,text,,,,1458,9.91,ok
Coriolis/coriolis_rulebook_ENG_digital_201022_opt.pdf,145,,612.28,790.87,1,1400x1808,147.11,138.52,,,ok
Coriolis/coriolis_rulebook_ENG_digital_201022_opt.pdf,145,,612.28,790.87,2,2800x3617,376.6,367.77,,,ok
Coriolis/coriolis_rulebook_ENG_digital_201022_opt.pdf,145,,612.28,790.87,text,,,,2396,11.5,ok
Coriolis/coriolis_rulebook_ENG_digital_201022_opt.pdf,161,,612.28,790.87,1,1400x1808,161.51,151.78,,,ok
Coriolis/coriolis_rulebook_ENG_digital_201022_opt.pdf,161,,612.28,790.87,2,2800x3617,373.18,363.97,,,ok
Coriolis/coriolis_rulebook_ENG_digital_201022_opt.pdf,161,,612.28,790.87,text,,,,1126,11.25,ok
Coriolis/coriolis_rulebook_ENG_digital_201022_opt.pdf,177,,612.28,790.87,1,1400x1808,59.41,50.82,,,ok
Coriolis/coriolis_rulebook_ENG_digital_201022_opt.pdf,177,,612.28,790.87,2,2800x3617,133.06,124.24,,,ok
Coriolis/coriolis_rulebook_ENG_digital_201022_opt.pdf,177,,612.28,790.87,text,,,,8,9.33,ok
Coriolis/coriolis_rulebook_ENG_digital_201022_opt.pdf,193,,612.28,790.87,1,1400x1808,153.32,145.22,,,ok
Coriolis/coriolis_rulebook_ENG_digital_201022_opt.pdf,193,,612.28,790.87,2,2800x3617,342.24,333.06,,,ok
Coriolis/coriolis_rulebook_ENG_digital_201022_opt.pdf,193,,612.28,790.87,text,,,,3072,11.22,ok
Coriolis/coriolis_rulebook_ENG_digital_201022_opt.pdf,194,,612.28,790.87,1,1400x1808,121.26,112.24,,,ok
Coriolis/coriolis_rulebook_ENG_digital_201022_opt.pdf,194,,612.28,790.87,2,2800x3617,298.13,289.22,,,ok
Coriolis/coriolis_rulebook_ENG_digital_201022_opt.pdf,194,,612.28,790.87,text,,,,2138,9.57,ok
Coriolis/coriolis_rulebook_ENG_digital_201022_opt.pdf,209,,612.28,790.87,1,1400x1808,116.77,108.7,,,ok
Coriolis/coriolis_rulebook_ENG_digital_201022_opt.pdf,209,,612.28,790.87,2,2800x3617,266.38,257.13,,,ok
Coriolis/coriolis_rulebook_ENG_digital_201022_opt.pdf,209,,612.28,790.87,text,,,,907,9.17,ok
Coriolis/coriolis_rulebook_ENG_digital_201022_opt.pdf,225,,612.28,790.87,1,1400x1808,157.42,148.74,,,ok
Coriolis/coriolis_rulebook_ENG_digital_201022_opt.pdf,225,,612.28,790.87,2,2800x3617,371.22,360.52,,,ok
Coriolis/coriolis_rulebook_ENG_digital_201022_opt.pdf,225,,612.28,790.87,text,,,,1952,11.22,ok
Coriolis/coriolis_rulebook_ENG_digital_201022_opt.pdf,241,,612.28,790.87,1,1400x1808,122.62,114.41,,,ok
Coriolis/coriolis_rulebook_ENG_digital_201022_opt.pdf,241,,612.28,790.87,2,2800x3617,336.89,325.77,,,ok
Coriolis/coriolis_rulebook_ENG_digital_201022_opt.pdf,241,,612.28,790.87,text,,,,2881,14.68,ok
Coriolis/coriolis_rulebook_ENG_digital_201022_opt.pdf,257,,612.28,790.87,1,1400x1808,140.79,131.84,,,ok
Coriolis/coriolis_rulebook_ENG_digital_201022_opt.pdf,257,,612.28,790.87,2,2800x3617,298.69,289.99,,,ok
Coriolis/coriolis_rulebook_ENG_digital_201022_opt.pdf,257,,612.28,790.87,text,,,,2277,10.79,ok
Coriolis/coriolis_rulebook_ENG_digital_201022_opt.pdf,273,,612.28,790.87,1,1400x1808,138.94,130.96,,,ok
Coriolis/coriolis_rulebook_ENG_digital_201022_opt.pdf,273,,612.28,790.87,2,2800x3617,305.94,296.68,,,ok
Coriolis/coriolis_rulebook_ENG_digital_201022_opt.pdf,273,,612.28,790.87,text,,,,2838,10.61,ok
Coriolis/coriolis_rulebook_ENG_digital_201022_opt.pdf,289,,612.28,790.87,1,1400x1808,151.47,142.22,,,ok
Coriolis/coriolis_rulebook_ENG_digital_201022_opt.pdf,289,,612.28,790.87,2,2800x3617,357.72,347.68,,,ok
Coriolis/coriolis_rulebook_ENG_digital_201022_opt.pdf,289,,612.28,790.87,text,,,,1837,10.32,ok
Coriolis/coriolis_rulebook_ENG_digital_201022_opt.pdf,305,,612.28,790.87,1,1400x1808,173.64,165.3,,,ok
Coriolis/coriolis_rulebook_ENG_digital_201022_opt.pdf,305,,612.28,790.87,2,2800x3617,403.76,392.04,,,ok
Coriolis/coriolis_rulebook_ENG_digital_201022_opt.pdf,305,,612.28,790.87,text,,,,3467,10.25,ok
Coriolis/coriolis_rulebook_ENG_digital_201022_opt.pdf,321,,612.28,790.87,1,1400x1808,153.25,143.04,,,ok
Coriolis/coriolis_rulebook_ENG_digital_201022_opt.pdf,321,,612.28,790.87,2,2800x3617,407.57,398.72,,,ok
Coriolis/coriolis_rulebook_ENG_digital_201022_opt.pdf,321,,612.28,790.87,text,,,,2594,12.82,ok
Coriolis/coriolis_rulebook_ENG_digital_201022_opt.pdf,386,,612.28,790.87,1,1400x1808,165.98,158.05,,,ok
Coriolis/coriolis_rulebook_ENG_digital_201022_opt.pdf,386,,612.28,790.87,2,2800x3617,387.45,378.28,,,ok
Coriolis/coriolis_rulebook_ENG_digital_201022_opt.pdf,386,,612.28,790.87,text,,,,1119,9.49,ok
Castles & Crusades/Tome_of_the_Unclean.pdf,1,,613.44,792,1,1400x1808,1057.96,1047.18,,,ok
Castles & Crusades/Tome_of_the_Unclean.pdf,1,,613.44,792,2,2800x3615,1065.66,1050.76,,,ok
Castles & Crusades/Tome_of_the_Unclean.pdf,1,,613.44,792,text,,,,0,10.32,ok
Castles & Crusades/Tome_of_the_Unclean.pdf,2,,612,792,1,1400x1812,19.3,11.29,,,ok
Castles & Crusades/Tome_of_the_Unclean.pdf,2,,612,792,2,2800x3624,24.7,16.24,,,ok
Castles & Crusades/Tome_of_the_Unclean.pdf,2,,612,792,text,,,,945,10.14,ok
Castles & Crusades/Tome_of_the_Unclean.pdf,3,,612,792,1,1400x1812,13.45,5.09,,,ok
Castles & Crusades/Tome_of_the_Unclean.pdf,3,,612,792,2,2800x3624,18.35,9.56,,,ok
Castles & Crusades/Tome_of_the_Unclean.pdf,3,,612,792,text,,,,1607,8.55,ok
Castles & Crusades/Tome_of_the_Unclean.pdf,7,,612,792,1,1400x1812,15.15,7.65,,,ok
Castles & Crusades/Tome_of_the_Unclean.pdf,7,,612,792,2,2800x3624,26.08,17.44,,,ok
Castles & Crusades/Tome_of_the_Unclean.pdf,7,,612,792,text,,,,5228,10.34,ok
Castles & Crusades/Tome_of_the_Unclean.pdf,13,,612,792,1,1400x1812,16.74,7.62,,,ok
Castles & Crusades/Tome_of_the_Unclean.pdf,13,,612,792,2,2800x3624,24.76,16.13,,,ok
Castles & Crusades/Tome_of_the_Unclean.pdf,13,,612,792,text,,,,4845,9.67,ok
Castles & Crusades/Tome_of_the_Unclean.pdf,19,,612,792,1,1400x1812,19.25,11.44,,,ok
Castles & Crusades/Tome_of_the_Unclean.pdf,19,,612,792,2,2800x3624,29.28,20.74,,,ok
Castles & Crusades/Tome_of_the_Unclean.pdf,19,,612,792,text,,,,3724,9.24,ok
Castles & Crusades/Tome_of_the_Unclean.pdf,25,,612,792,1,1400x1812,14.4,6.09,,,ok
Castles & Crusades/Tome_of_the_Unclean.pdf,25,,612,792,2,2800x3624,23.69,15.19,,,ok
Castles & Crusades/Tome_of_the_Unclean.pdf,25,,612,792,text,,,,4622,9.7,ok
Castles & Crusades/Tome_of_the_Unclean.pdf,31,,612,792,1,1400x1812,22.54,14.9,,,ok
Castles & Crusades/Tome_of_the_Unclean.pdf,31,,612,792,2,2800x3624,35.59,26.85,,,ok
Castles & Crusades/Tome_of_the_Unclean.pdf,31,,612,792,text,,,,3551,9.57,ok
Castles & Crusades/Tome_of_the_Unclean.pdf,37,,612,792,1,1400x1812,15.58,7.59,,,ok
Castles & Crusades/Tome_of_the_Unclean.pdf,37,,612,792,2,2800x3624,25.39,16.6,,,ok
Castles & Crusades/Tome_of_the_Unclean.pdf,37,,612,792,text,,,,4217,9.72,ok
Castles & Crusades/Tome_of_the_Unclean.pdf,43,,612,792,1,1400x1812,19.8,11.81,,,ok
Castles & Crusades/Tome_of_the_Unclean.pdf,43,,612,792,2,2800x3624,28.81,20.12,,,ok
Castles & Crusades/Tome_of_the_Unclean.pdf,43,,612,792,text,,,,3417,9.21,ok
Castles & Crusades/Tome_of_the_Unclean.pdf,49,,612,792,1,1400x1812,19.42,11.04,,,ok
Castles & Crusades/Tome_of_the_Unclean.pdf,49,,612,792,2,2800x3624,28.06,19.51,,,ok
Castles & Crusades/Tome_of_the_Unclean.pdf,49,,612,792,text,,,,3635,9.55,ok
Castles & Crusades/Tome_of_the_Unclean.pdf,55,,612,792,1,1400x1812,14.9,7.22,,,ok
Castles & Crusades/Tome_of_the_Unclean.pdf,55,,612,792,2,2800x3624,25,16.22,,,ok
Castles & Crusades/Tome_of_the_Unclean.pdf,55,,612,792,text,,,,4844,10.39,ok
Castles & Crusades/Tome_of_the_Unclean.pdf,61,,612,792,1,1400x1812,21.11,12.73,,,ok
Castles & Crusades/Tome_of_the_Unclean.pdf,61,,612,792,2,2800x3624,29.57,21.13,,,ok
Castles & Crusades/Tome_of_the_Unclean.pdf,61,,612,792,text,,,,3582,8.65,ok
Castles & Crusades/Tome_of_the_Unclean.pdf,67,,612,792,1,1400x1812,17.44,9.25,,,ok
Castles & Crusades/Tome_of_the_Unclean.pdf,67,,612,792,2,2800x3624,26.69,17.87,,,ok
Castles & Crusades/Tome_of_the_Unclean.pdf,67,,612,792,text,,,,3681,9.64,ok
Castles & Crusades/Tome_of_the_Unclean.pdf,73,,612,792,1,1400x1812,20.31,10.88,,,ok
Castles & Crusades/Tome_of_the_Unclean.pdf,73,,612,792,2,2800x3624,37.1,27.38,,,ok
Castles & Crusades/Tome_of_the_Unclean.pdf,73,,612,792,text,,,,3587,10.16,ok
Castles & Crusades/Tome_of_the_Unclean.pdf,74,,612,792,1,1400x1812,28.24,20.27,,,ok
Castles & Crusades/Tome_of_the_Unclean.pdf,74,,612,792,2,2800x3624,37.36,28.52,,,ok
Castles & Crusades/Tome_of_the_Unclean.pdf,74,,612,792,text,,,,3701,11.42,ok
Castles & Crusades/Tome_of_the_Unclean.pdf,79,,612,792,1,1400x1812,15.43,7.06,,,ok
Castles & Crusades/Tome_of_the_Unclean.pdf,79,,612,792,2,2800x3624,31.39,21.61,,,ok
Castles & Crusades/Tome_of_the_Unclean.pdf,79,,612,792,text,,,,4614,13.09,ok
Castles & Crusades/Tome_of_the_Unclean.pdf,85,,612,792,1,1400x1812,16.42,8.49,,,ok
Castles & Crusades/Tome_of_the_Unclean.pdf,85,,612,792,2,2800x3624,27.95,19.51,,,ok
Castles & Crusades/Tome_of_the_Unclean.pdf,85,,612,792,text,,,,4812,10.74,ok
Castles & Crusades/Tome_of_the_Unclean.pdf,91,,612,792,1,1400x1812,20.85,12.55,,,ok
Castles & Crusades/Tome_of_the_Unclean.pdf,91,,612,792,2,2800x3624,30.46,21.14,,,ok
Castles & Crusades/Tome_of_the_Unclean.pdf,91,,612,792,text,,,,3544,12.03,ok
Castles & Crusades/Tome_of_the_Unclean.pdf,97,,612,792,1,1400x1812,18.85,10.75,,,ok
Castles & Crusades/Tome_of_the_Unclean.pdf,97,,612,792,2,2800x3624,28.7,19.78,,,ok
Castles & Crusades/Tome_of_the_Unclean.pdf,97,,612,792,text,,,,3349,10.55,ok
Castles & Crusades/Tome_of_the_Unclean.pdf,103,,612,792,1,1400x1812,21.43,12.81,,,ok
Castles & Crusades/Tome_of_the_Unclean.pdf,103,,612,792,2,2800x3624,27.23,17.9,,,ok
Castles & Crusades/Tome_of_the_Unclean.pdf,103,,612,792,text,,,,4598,10.1,ok
Castles & Crusades/Tome_of_the_Unclean.pdf,109,,612,792,1,1400x1812,19.64,11.53,,,ok
Castles & Crusades/Tome_of_the_Unclean.pdf,109,,612,792,2,2800x3624,37.02,26.43,,,ok
Castles & Crusades/Tome_of_the_Unclean.pdf,109,,612,792,text,,,,3622,9.46,ok
Castles & Crusades/Tome_of_the_Unclean.pdf,115,,612,792,1,1400x1812,16.1,7.34,,,ok
Castles & Crusades/Tome_of_the_Unclean.pdf,115,,612,792,2,2800x3624,26.14,17.2,,,ok
Castles & Crusades/Tome_of_the_Unclean.pdf,115,,612,792,text,,,,4533,11.28,ok
Castles & Crusades/Tome_of_the_Unclean.pdf,121,,612,792,1,1400x1812,14.83,7.09,,,ok
Castles & Crusades/Tome_of_the_Unclean.pdf,121,,612,792,2,2800x3624,26.15,17.25,,,ok
Castles & Crusades/Tome_of_the_Unclean.pdf,121,,612,792,text,,,,4227,10.48,ok
Castles & Crusades/Tome_of_the_Unclean.pdf,146,,612,792,1,1400x1812,2348.72,2339.67,,,ok
Castles & Crusades/Tome_of_the_Unclean.pdf,146,,612,792,2,2800x3624,2319.01,2309.78,,,ok
Castles & Crusades/Tome_of_the_Unclean.pdf,146,,612,792,text,,,,0,7.35,ok
Cosmere/SL002_Stormlight_World_Guide_digital.pdf,1,a,576,810.71,1,1400x1970,300.52,286.99,,,ok
Cosmere/SL002_Stormlight_World_Guide_digital.pdf,1,a,576,810.71,2,2800x3941,768.45,753.23,,,ok
Cosmere/SL002_Stormlight_World_Guide_digital.pdf,1,a,576,810.71,text,,,,88,26.68,ok
Cosmere/SL002_Stormlight_World_Guide_digital.pdf,2,b,612,792,1,1400x1812,82.32,74.19,,,ok
Cosmere/SL002_Stormlight_World_Guide_digital.pdf,2,b,612,792,2,2800x3624,159.89,151.48,,,ok
Cosmere/SL002_Stormlight_World_Guide_digital.pdf,2,b,612,792,text,,,,2338,9.26,ok
Cosmere/SL002_Stormlight_World_Guide_digital.pdf,3,c,612,792,1,1400x1812,81.41,73.68,,,ok
Cosmere/SL002_Stormlight_World_Guide_digital.pdf,3,c,612,792,2,2800x3624,157.82,149.47,,,ok
Cosmere/SL002_Stormlight_World_Guide_digital.pdf,3,c,612,792,text,,,,4026,11.85,ok
Cosmere/SL002_Stormlight_World_Guide_digital.pdf,12,8,612,792,1,1400x1812,129.37,120.83,,,ok
Cosmere/SL002_Stormlight_World_Guide_digital.pdf,12,8,612,792,2,2800x3624,291.5,282.91,,,ok
Cosmere/SL002_Stormlight_World_Guide_digital.pdf,12,8,612,792,text,,,,1991,8.66,ok
Cosmere/SL002_Stormlight_World_Guide_digital.pdf,24,20,612,792,1,1400x1812,80.96,73.14,,,ok
Cosmere/SL002_Stormlight_World_Guide_digital.pdf,24,20,612,792,2,2800x3624,161.7,153.13,,,ok
Cosmere/SL002_Stormlight_World_Guide_digital.pdf,24,20,612,792,text,,,,3680,10.12,ok
Cosmere/SL002_Stormlight_World_Guide_digital.pdf,35,31,612,792,1,1400x1812,146.77,138.35,,,ok
Cosmere/SL002_Stormlight_World_Guide_digital.pdf,35,31,612,792,2,2800x3624,379.49,369.88,,,ok
Cosmere/SL002_Stormlight_World_Guide_digital.pdf,35,31,612,792,text,,,,1660,10.03,ok
Cosmere/SL002_Stormlight_World_Guide_digital.pdf,47,43,612,792,1,1400x1812,146.8,138.56,,,ok
Cosmere/SL002_Stormlight_World_Guide_digital.pdf,47,43,612,792,2,2800x3624,300.27,291.62,,,ok
Cosmere/SL002_Stormlight_World_Guide_digital.pdf,47,43,612,792,text,,,,2559,10.25,ok
Cosmere/SL002_Stormlight_World_Guide_digital.pdf,59,55,612,792,1,1400x1812,96.94,88.39,,,ok
Cosmere/SL002_Stormlight_World_Guide_digital.pdf,59,55,612,792,2,2800x3624,187.17,175.57,,,ok
Cosmere/SL002_Stormlight_World_Guide_digital.pdf,59,55,612,792,text,,,,0,7.29,ok
Cosmere/SL002_Stormlight_World_Guide_digital.pdf,70,66,612,792,1,1400x1812,106.3,98.06,,,ok
Cosmere/SL002_Stormlight_World_Guide_digital.pdf,70,66,612,792,2,2800x3624,207.37,198.38,,,ok
Cosmere/SL002_Stormlight_World_Guide_digital.pdf,70,66,612,792,text,,,,2693,12.69,ok
Cosmere/SL002_Stormlight_World_Guide_digital.pdf,82,78,612,792,1,1400x1812,281.76,272.64,,,ok
Cosmere/SL002_Stormlight_World_Guide_digital.pdf,82,78,612,792,2,2800x3624,823.34,814.65,,,ok
Cosmere/SL002_Stormlight_World_Guide_digital.pdf,82,78,612,792,text,,,,1692,10.51,ok
Cosmere/SL002_Stormlight_World_Guide_digital.pdf,94,90,612,792,1,1400x1812,107.56,98.65,,,ok
Cosmere/SL002_Stormlight_World_Guide_digital.pdf,94,90,612,792,2,2800x3624,190.02,179.83,,,ok
Cosmere/SL002_Stormlight_World_Guide_digital.pdf,94,90,612,792,text,,,,3533,15.16,ok
Cosmere/SL002_Stormlight_World_Guide_digital.pdf,105,101,612,792,1,1400x1812,191.02,182.57,,,ok
Cosmere/SL002_Stormlight_World_Guide_digital.pdf,105,101,612,792,2,2800x3624,401.89,393.27,,,ok
Cosmere/SL002_Stormlight_World_Guide_digital.pdf,105,101,612,792,text,,,,2225,10.02,ok
Cosmere/SL002_Stormlight_World_Guide_digital.pdf,117,113,612,792,1,1400x1812,102.9,94.92,,,ok
Cosmere/SL002_Stormlight_World_Guide_digital.pdf,117,113,612,792,2,2800x3624,210.57,201.79,,,ok
Cosmere/SL002_Stormlight_World_Guide_digital.pdf,117,113,612,792,text,,,,1883,8.99,ok
Cosmere/SL002_Stormlight_World_Guide_digital.pdf,128,124,612,792,1,1400x1812,89.37,80.74,,,ok
Cosmere/SL002_Stormlight_World_Guide_digital.pdf,128,124,612,792,2,2800x3624,181.54,172.81,,,ok
Cosmere/SL002_Stormlight_World_Guide_digital.pdf,128,124,612,792,text,,,,3230,11.27,ok
Cosmere/SL002_Stormlight_World_Guide_digital.pdf,140,136,612,792,1,1400x1812,74.07,65.99,,,ok
Cosmere/SL002_Stormlight_World_Guide_digital.pdf,140,136,612,792,2,2800x3624,140.81,132.04,,,ok
Cosmere/SL002_Stormlight_World_Guide_digital.pdf,140,136,612,792,text,,,,1608,11.39,ok
Cosmere/SL002_Stormlight_World_Guide_digital.pdf,141,137,612,792,1,1400x1812,89.81,81.1,,,ok
Cosmere/SL002_Stormlight_World_Guide_digital.pdf,141,137,612,792,2,2800x3624,176.37,167.72,,,ok
Cosmere/SL002_Stormlight_World_Guide_digital.pdf,141,137,612,792,text,,,,3802,10.55,ok
Cosmere/SL002_Stormlight_World_Guide_digital.pdf,152,148,612,792,1,1400x1812,135.86,127.97,,,ok
Cosmere/SL002_Stormlight_World_Guide_digital.pdf,152,148,612,792,2,2800x3624,286.83,278.04,,,ok
Cosmere/SL002_Stormlight_World_Guide_digital.pdf,152,148,612,792,text,,,,0,7.88,ok
Cosmere/SL002_Stormlight_World_Guide_digital.pdf,163,159,612,792,1,1400x1812,99.77,91.14,,,ok
Cosmere/SL002_Stormlight_World_Guide_digital.pdf,163,159,612,792,2,2800x3624,199.49,190.48,,,ok
Cosmere/SL002_Stormlight_World_Guide_digital.pdf,163,159,612,792,text,,,,0,7.66,ok
Cosmere/SL002_Stormlight_World_Guide_digital.pdf,175,171,612,792,1,1400x1812,88.17,79.59,,,ok
Cosmere/SL002_Stormlight_World_Guide_digital.pdf,175,171,612,792,2,2800x3624,175.71,166.89,,,ok
Cosmere/SL002_Stormlight_World_Guide_digital.pdf,175,171,612,792,text,,,,3236,10.3,ok
Cosmere/SL002_Stormlight_World_Guide_digital.pdf,187,183,612,792,1,1400x1812,123.92,115.45,,,ok
Cosmere/SL002_Stormlight_World_Guide_digital.pdf,187,183,612,792,2,2800x3624,289.3,280.53,,,ok
Cosmere/SL002_Stormlight_World_Guide_digital.pdf,187,183,612,792,text,,,,3211,11.67,ok
Cosmere/SL002_Stormlight_World_Guide_digital.pdf,198,194,612,792,1,1400x1812,130.69,122.47,,,ok
Cosmere/SL002_Stormlight_World_Guide_digital.pdf,198,194,612,792,2,2800x3624,258.9,250.25,,,ok
Cosmere/SL002_Stormlight_World_Guide_digital.pdf,198,194,612,792,text,,,,2203,9.92,ok
Cosmere/SL002_Stormlight_World_Guide_digital.pdf,210,206,612,792,1,1400x1812,131.92,123.33,,,ok
Cosmere/SL002_Stormlight_World_Guide_digital.pdf,210,206,612,792,2,2800x3624,316.32,306.47,,,ok
Cosmere/SL002_Stormlight_World_Guide_digital.pdf,210,206,612,792,text,,,,1874,9.11,ok
Cosmere/SL002_Stormlight_World_Guide_digital.pdf,221,217,612,792,1,1400x1812,94.2,86.23,,,ok
Cosmere/SL002_Stormlight_World_Guide_digital.pdf,221,217,612,792,2,2800x3624,187.56,178.25,,,ok
Cosmere/SL002_Stormlight_World_Guide_digital.pdf,221,217,612,792,text,,,,3026,10.56,ok
Cosmere/SL002_Stormlight_World_Guide_digital.pdf,233,229,612,792,1,1400x1812,248.34,239.23,,,ok
Cosmere/SL002_Stormlight_World_Guide_digital.pdf,233,229,612,792,2,2800x3624,680.13,671.2,,,ok
Cosmere/SL002_Stormlight_World_Guide_digital.pdf,233,229,612,792,text,,,,1397,9.81,ok
Cosmere/SL002_Stormlight_World_Guide_digital.pdf,280,276,576,810.71,1,1400x1970,388.03,379.47,,,ok
Cosmere/SL002_Stormlight_World_Guide_digital.pdf,280,276,576,810.71,2,2800x3941,1072.51,1063.16,,,ok
Cosmere/SL002_Stormlight_World_Guide_digital.pdf,280,276,576,810.71,text,,,,571,28.02,ok
FateForge/bestiary_creatures_vol1.pdf,1,,595.28,841.89,1,1400x1980,129.45,118.86,,,ok
FateForge/bestiary_creatures_vol1.pdf,1,,595.28,841.89,2,2800x3960,179.4,161.75,,,ok
FateForge/bestiary_creatures_vol1.pdf,1,,595.28,841.89,text,,,,0,9.26,ok
FateForge/bestiary_creatures_vol1.pdf,2,,595.28,841.89,1,1400x1980,55.51,47.61,,,ok
FateForge/bestiary_creatures_vol1.pdf,2,,595.28,841.89,2,2800x3960,69.62,58.51,,,ok
FateForge/bestiary_creatures_vol1.pdf,2,,595.28,841.89,text,,,,0,6.82,ok
FateForge/bestiary_creatures_vol1.pdf,3,,595.28,841.89,1,1400x1980,119.31,110.4,,,ok
FateForge/bestiary_creatures_vol1.pdf,3,,595.28,841.89,2,2800x3960,160.87,149.74,,,ok
FateForge/bestiary_creatures_vol1.pdf,3,,595.28,841.89,text,,,,0,7.61,ok
FateForge/bestiary_creatures_vol1.pdf,18,,595.28,841.89,1,1400x1980,319.37,310.82,,,ok
FateForge/bestiary_creatures_vol1.pdf,18,,595.28,841.89,2,2800x3960,686.14,675.2,,,ok
FateForge/bestiary_creatures_vol1.pdf,18,,595.28,841.89,text,,,,2925,11.04,ok
FateForge/bestiary_creatures_vol1.pdf,35,,595.28,841.89,1,1400x1980,422.63,414.34,,,ok
FateForge/bestiary_creatures_vol1.pdf,35,,595.28,841.89,2,2800x3960,931.49,922.37,,,ok
FateForge/bestiary_creatures_vol1.pdf,35,,595.28,841.89,text,,,,961,9.06,ok
FateForge/bestiary_creatures_vol1.pdf,53,,595.28,841.89,1,1400x1980,411.4,401.57,,,ok
FateForge/bestiary_creatures_vol1.pdf,53,,595.28,841.89,2,2800x3960,1055.32,1046.47,,,ok
FateForge/bestiary_creatures_vol1.pdf,53,,595.28,841.89,text,,,,1964,9.4,ok
FateForge/bestiary_creatures_vol1.pdf,70,,595.28,841.89,1,1400x1980,392.18,382.9,,,ok
FateForge/bestiary_creatures_vol1.pdf,70,,595.28,841.89,2,2800x3960,885.12,876.12,,,ok
FateForge/bestiary_creatures_vol1.pdf,70,,595.28,841.89,text,,,,1844,9.12,ok
FateForge/bestiary_creatures_vol1.pdf,87,,595.28,841.89,1,1400x1980,426.96,414.9,,,ok
FateForge/bestiary_creatures_vol1.pdf,87,,595.28,841.89,2,2800x3960,819.33,810.5,,,ok
FateForge/bestiary_creatures_vol1.pdf,87,,595.28,841.89,text,,,,1039,9.95,ok
FateForge/bestiary_creatures_vol1.pdf,105,,595.28,841.89,1,1400x1980,493.01,483.99,,,ok
FateForge/bestiary_creatures_vol1.pdf,105,,595.28,841.89,2,2800x3960,1039.11,1030.31,,,ok
FateForge/bestiary_creatures_vol1.pdf,105,,595.28,841.89,text,,,,1769,10.49,ok
FateForge/bestiary_creatures_vol1.pdf,122,,595.28,841.89,1,1400x1980,145.37,136.83,,,ok
FateForge/bestiary_creatures_vol1.pdf,122,,595.28,841.89,2,2800x3960,179.87,170.37,,,ok
FateForge/bestiary_creatures_vol1.pdf,122,,595.28,841.89,text,,,,42,8.25,ok
FateForge/bestiary_creatures_vol1.pdf,140,,595.28,841.89,1,1400x1980,270.8,262.19,,,ok
FateForge/bestiary_creatures_vol1.pdf,140,,595.28,841.89,2,2800x3960,445.98,437.17,,,ok
FateForge/bestiary_creatures_vol1.pdf,140,,595.28,841.89,text,,,,2785,10.6,ok
FateForge/bestiary_creatures_vol1.pdf,157,,595.28,841.89,1,1400x1980,398.14,390.17,,,ok
FateForge/bestiary_creatures_vol1.pdf,157,,595.28,841.89,2,2800x3960,822.34,812.83,,,ok
FateForge/bestiary_creatures_vol1.pdf,157,,595.28,841.89,text,,,,273,9.21,ok
FateForge/bestiary_creatures_vol1.pdf,174,,595.28,841.89,1,1400x1980,327.94,319.31,,,ok
FateForge/bestiary_creatures_vol1.pdf,174,,595.28,841.89,2,2800x3960,698.33,689.46,,,ok
FateForge/bestiary_creatures_vol1.pdf,174,,595.28,841.89,text,,,,2516,10.09,ok
FateForge/bestiary_creatures_vol1.pdf,192,,595.28,841.89,1,1400x1980,237.48,228.72,,,ok
FateForge/bestiary_creatures_vol1.pdf,192,,595.28,841.89,2,2800x3960,511.91,502.79,,,ok
FateForge/bestiary_creatures_vol1.pdf,192,,595.28,841.89,text,,,,1446,9.83,ok
FateForge/bestiary_creatures_vol1.pdf,209,,595.28,841.89,1,1400x1980,181.73,173,,,ok
FateForge/bestiary_creatures_vol1.pdf,209,,595.28,841.89,2,2800x3960,354.17,345.09,,,ok
FateForge/bestiary_creatures_vol1.pdf,209,,595.28,841.89,text,,,,4004,11.12,ok
FateForge/bestiary_creatures_vol1.pdf,210,,595.28,841.89,1,1400x1980,129.86,121.61,,,ok
FateForge/bestiary_creatures_vol1.pdf,210,,595.28,841.89,2,2800x3960,147.95,139.17,,,ok
FateForge/bestiary_creatures_vol1.pdf,210,,595.28,841.89,text,,,,0,8.18,ok
FateForge/bestiary_creatures_vol1.pdf,226,,595.28,841.89,1,1400x1980,298.12,289.52,,,ok
FateForge/bestiary_creatures_vol1.pdf,226,,595.28,841.89,2,2800x3960,601.58,591.92,,,ok
FateForge/bestiary_creatures_vol1.pdf,226,,595.28,841.89,text,,,,1046,9.48,ok
FateForge/bestiary_creatures_vol1.pdf,244,,595.28,841.89,1,1400x1980,557.05,549.12,,,ok
FateForge/bestiary_creatures_vol1.pdf,244,,595.28,841.89,2,2800x3960,1390.54,1381.71,,,ok
FateForge/bestiary_creatures_vol1.pdf,244,,595.28,841.89,text,,,,689,9.52,ok
FateForge/bestiary_creatures_vol1.pdf,261,,595.28,841.89,1,1400x1980,394.09,384.61,,,ok
FateForge/bestiary_creatures_vol1.pdf,261,,595.28,841.89,2,2800x3960,664.87,655.44,,,ok
FateForge/bestiary_creatures_vol1.pdf,261,,595.28,841.89,text,,,,2577,9.56,ok
FateForge/bestiary_creatures_vol1.pdf,279,,595.28,841.89,1,1400x1980,270.02,261.53,,,ok
FateForge/bestiary_creatures_vol1.pdf,279,,595.28,841.89,2,2800x3960,530.93,520.59,,,ok
FateForge/bestiary_creatures_vol1.pdf,279,,595.28,841.89,text,,,,2959,12.42,ok
FateForge/bestiary_creatures_vol1.pdf,296,,595.28,841.89,1,1400x1980,303.82,295.31,,,ok
FateForge/bestiary_creatures_vol1.pdf,296,,595.28,841.89,2,2800x3960,569.5,560.36,,,ok
FateForge/bestiary_creatures_vol1.pdf,296,,595.28,841.89,text,,,,781,9.02,ok
FateForge/bestiary_creatures_vol1.pdf,313,,595.28,841.89,1,1400x1980,402.06,393.93,,,ok
FateForge/bestiary_creatures_vol1.pdf,313,,595.28,841.89,2,2800x3960,890.42,881.1,,,ok
FateForge/bestiary_creatures_vol1.pdf,313,,595.28,841.89,text,,,,2795,10.17,ok
FateForge/bestiary_creatures_vol1.pdf,331,,595.28,841.89,1,1400x1980,283.65,273.95,,,ok
FateForge/bestiary_creatures_vol1.pdf,331,,595.28,841.89,2,2800x3960,562.69,553.88,,,ok
FateForge/bestiary_creatures_vol1.pdf,331,,595.28,841.89,text,,,,16,7.95,ok
FateForge/bestiary_creatures_vol1.pdf,348,,595.28,841.89,1,1400x1980,239.95,231.62,,,ok
FateForge/bestiary_creatures_vol1.pdf,348,,595.28,841.89,2,2800x3960,471.09,462.27,,,ok
FateForge/bestiary_creatures_vol1.pdf,348,,595.28,841.89,text,,,,1495,8.88,ok
FateForge/bestiary_creatures_vol1.pdf,418,,595.28,841.89,1,1400x1980,179.17,170.21,,,ok
FateForge/bestiary_creatures_vol1.pdf,418,,595.28,841.89,2,2800x3960,225.4,216.88,,,ok
FateForge/bestiary_creatures_vol1.pdf,418,,595.28,841.89,text,,,,1203,8.69,ok
Twilight 2000/T2k_Players_Manual_220804.pdf,1,Front Cover I,612,792,1,1400x1812,179.49,165.17,,,ok
Twilight 2000/T2k_Players_Manual_220804.pdf,1,Front Cover I,612,792,2,2800x3624,515.09,500.51,,,ok
Twilight 2000/T2k_Players_Manual_220804.pdf,1,Front Cover I,612,792,text,,,,82,11.39,ok
Twilight 2000/T2k_Players_Manual_220804.pdf,2,Front Cover II,612,792,1,1400x1812,211.88,203.46,,,ok
Twilight 2000/T2k_Players_Manual_220804.pdf,2,Front Cover II,612,792,2,2800x3624,634.12,625.17,,,ok
Twilight 2000/T2k_Players_Manual_220804.pdf,2,Front Cover II,612,792,text,,,,8909,11.74,ok
Twilight 2000/T2k_Players_Manual_220804.pdf,3,1,612.28,790.87,1,1400x1808,41.63,33.96,,,ok
Twilight 2000/T2k_Players_Manual_220804.pdf,3,1,612.28,790.87,2,2800x3617,104.13,95.49,,,ok
Twilight 2000/T2k_Players_Manual_220804.pdf,3,1,612.28,790.87,text,,,,952,8.53,ok
Twilight 2000/T2k_Players_Manual_220804.pdf,7,5,612.28,790.87,1,1400x1808,32.96,24.71,,,ok
Twilight 2000/T2k_Players_Manual_220804.pdf,7,5,612.28,790.87,2,2800x3617,62.85,54.57,,,ok
Twilight 2000/T2k_Players_Manual_220804.pdf,7,5,612.28,790.87,text,,,,223,7.43,ok
Twilight 2000/T2k_Players_Manual_220804.pdf,13,11,612.28,790.87,1,1400x1808,101.01,93.36,,,ok
Twilight 2000/T2k_Players_Manual_220804.pdf,13,11,612.28,790.87,2,2800x3617,255.94,247.22,,,ok
Twilight 2000/T2k_Players_Manual_220804.pdf,13,11,612.28,790.87,text,,,,3584,9.49,ok
Twilight 2000/T2k_Players_Manual_220804.pdf,20,18,612.28,790.87,1,1400x1808,114.72,106.42,,,ok
Twilight 2000/T2k_Players_Manual_220804.pdf,20,18,612.28,790.87,2,2800x3617,304.96,296.61,,,ok
Twilight 2000/T2k_Players_Manual_220804.pdf,20,18,612.28,790.87,text,,,,1711,8.71,ok
Twilight 2000/T2k_Players_Manual_220804.pdf,26,24,612.28,790.87,1,1400x1808,103.92,96.16,,,ok
Twilight 2000/T2k_Players_Manual_220804.pdf,26,24,612.28,790.87,2,2800x3617,291.64,282.66,,,ok
Twilight 2000/T2k_Players_Manual_220804.pdf,26,24,612.28,790.87,text,,,,2105,9.73,ok
Twilight 2000/T2k_Players_Manual_220804.pdf,33,31,612.28,790.87,1,1400x1808,220.49,211.57,,,ok
Twilight 2000/T2k_Players_Manual_220804.pdf,33,31,612.28,790.87,2,2800x3617,611.21,602.52,,,ok
Twilight 2000/T2k_Players_Manual_220804.pdf,33,31,612.28,790.87,text,,,,3354,9.76,ok
Twilight 2000/T2k_Players_Manual_220804.pdf,39,37,612.28,790.87,1,1400x1808,88.8,80.65,,,ok
Twilight 2000/T2k_Players_Manual_220804.pdf,39,37,612.28,790.87,2,2800x3617,231.09,221.76,,,ok
Twilight 2000/T2k_Players_Manual_220804.pdf,39,37,612.28,790.87,text,,,,2033,9.8,ok
Twilight 2000/T2k_Players_Manual_220804.pdf,46,44,612.28,790.87,1,1400x1808,123.1,114.29,,,ok
Twilight 2000/T2k_Players_Manual_220804.pdf,46,44,612.28,790.87,2,2800x3617,323.5,314.83,,,ok
Twilight 2000/T2k_Players_Manual_220804.pdf,46,44,612.28,790.87,text,,,,3088,10.12,ok
Twilight 2000/T2k_Players_Manual_220804.pdf,52,50,612.28,790.87,1,1400x1808,115.55,106.83,,,ok
Twilight 2000/T2k_Players_Manual_220804.pdf,52,50,612.28,790.87,2,2800x3617,319.15,310.56,,,ok
Twilight 2000/T2k_Players_Manual_220804.pdf,52,50,612.28,790.87,text,,,,1979,9.86,ok
Twilight 2000/T2k_Players_Manual_220804.pdf,59,57,612.28,790.87,1,1400x1808,92.52,83.36,,,ok
Twilight 2000/T2k_Players_Manual_220804.pdf,59,57,612.28,790.87,2,2800x3617,225.23,216.04,,,ok
Twilight 2000/T2k_Players_Manual_220804.pdf,59,57,612.28,790.87,text,,,,2236,9.3,ok
Twilight 2000/T2k_Players_Manual_220804.pdf,65,63,612.28,790.87,1,1400x1808,94.34,86.36,,,ok
Twilight 2000/T2k_Players_Manual_220804.pdf,65,63,612.28,790.87,2,2800x3617,236.46,226.46,,,ok
Twilight 2000/T2k_Players_Manual_220804.pdf,65,63,612.28,790.87,text,,,,4244,10.96,ok
Twilight 2000/T2k_Players_Manual_220804.pdf,72,70,612.28,790.87,1,1400x1808,132.11,123.76,,,ok
Twilight 2000/T2k_Players_Manual_220804.pdf,72,70,612.28,790.87,2,2800x3617,361.85,352.69,,,ok
Twilight 2000/T2k_Players_Manual_220804.pdf,72,70,612.28,790.87,text,,,,2602,9.76,ok
Twilight 2000/T2k_Players_Manual_220804.pdf,78,76,612.28,790.87,1,1400x1808,87.95,79.92,,,ok
Twilight 2000/T2k_Players_Manual_220804.pdf,78,76,612.28,790.87,2,2800x3617,221.53,212.84,,,ok
Twilight 2000/T2k_Players_Manual_220804.pdf,78,76,612.28,790.87,text,,,,1443,9.95,ok
Twilight 2000/T2k_Players_Manual_220804.pdf,79,77,612.28,790.87,1,1400x1808,89.05,80.29,,,ok
Twilight 2000/T2k_Players_Manual_220804.pdf,79,77,612.28,790.87,2,2800x3617,227.78,218.83,,,ok
Twilight 2000/T2k_Players_Manual_220804.pdf,79,77,612.28,790.87,text,,,,2269,9.19,ok
Twilight 2000/T2k_Players_Manual_220804.pdf,84,82,612.28,790.87,1,1400x1808,102.16,93.98,,,ok
Twilight 2000/T2k_Players_Manual_220804.pdf,84,82,612.28,790.87,2,2800x3617,250.6,241.37,,,ok
Twilight 2000/T2k_Players_Manual_220804.pdf,84,82,612.28,790.87,text,,,,3821,10.16,ok
Twilight 2000/T2k_Players_Manual_220804.pdf,91,89,612.28,790.87,1,1400x1808,36.85,28.36,,,ok
Twilight 2000/T2k_Players_Manual_220804.pdf,91,89,612.28,790.87,2,2800x3617,83.3,73.32,,,ok
Twilight 2000/T2k_Players_Manual_220804.pdf,91,89,612.28,790.87,text,,,,543,9.74,ok
Twilight 2000/T2k_Players_Manual_220804.pdf,97,95,612.28,790.87,1,1400x1808,151.09,142.72,,,ok
Twilight 2000/T2k_Players_Manual_220804.pdf,97,95,612.28,790.87,2,2800x3617,430.31,421.69,,,ok
Twilight 2000/T2k_Players_Manual_220804.pdf,97,95,612.28,790.87,text,,,,1502,9.71,ok
Twilight 2000/T2k_Players_Manual_220804.pdf,104,102,612.28,790.87,1,1400x1808,155.96,146.19,,,ok
Twilight 2000/T2k_Players_Manual_220804.pdf,104,102,612.28,790.87,2,2800x3617,433.53,424.57,,,ok
Twilight 2000/T2k_Players_Manual_220804.pdf,104,102,612.28,790.87,text,,,,1980,9.11,ok
Twilight 2000/T2k_Players_Manual_220804.pdf,110,108,612.28,790.87,1,1400x1808,136.22,127.29,,,ok
Twilight 2000/T2k_Players_Manual_220804.pdf,110,108,612.28,790.87,2,2800x3617,378.97,369.46,,,ok
Twilight 2000/T2k_Players_Manual_220804.pdf,110,108,612.28,790.87,text,,,,1347,8.91,ok
Twilight 2000/T2k_Players_Manual_220804.pdf,117,115,612.28,790.87,1,1400x1808,104.92,96.31,,,ok
Twilight 2000/T2k_Players_Manual_220804.pdf,117,115,612.28,790.87,2,2800x3617,267.9,259.28,,,ok
Twilight 2000/T2k_Players_Manual_220804.pdf,117,115,612.28,790.87,text,,,,2330,9.46,ok
Twilight 2000/T2k_Players_Manual_220804.pdf,123,121,612.28,790.87,1,1400x1808,147.86,139.78,,,ok
Twilight 2000/T2k_Players_Manual_220804.pdf,123,121,612.28,790.87,2,2800x3617,415,405.67,,,ok
Twilight 2000/T2k_Players_Manual_220804.pdf,123,121,612.28,790.87,text,,,,2007,9.96,ok
Twilight 2000/T2k_Players_Manual_220804.pdf,130,128,612.28,790.87,1,1400x1808,117.63,109.03,,,ok
Twilight 2000/T2k_Players_Manual_220804.pdf,130,128,612.28,790.87,2,2800x3617,362.38,353.61,,,ok
Twilight 2000/T2k_Players_Manual_220804.pdf,130,128,612.28,790.87,text,,,,3683,10.22,ok
Twilight 2000/T2k_Players_Manual_220804.pdf,156,Back Cover II,612,792,1,1400x1812,154.77,146.25,,,ok
Twilight 2000/T2k_Players_Manual_220804.pdf,156,Back Cover II,612,792,2,2800x3624,475.01,466.09,,,ok
Twilight 2000/T2k_Players_Manual_220804.pdf,156,Back Cover II,612,792,text,,,,72,7.56,ok
Coriolis/COR_emissary_lost_digital.pdf,1,,601.17,807.87,1,1400x1881,76.35,65.21,,,ok
Coriolis/COR_emissary_lost_digital.pdf,1,,601.17,807.87,2,2800x3763,135.83,117.72,,,ok
Coriolis/COR_emissary_lost_digital.pdf,1,,601.17,807.87,text,,,,1782,12.76,ok
Coriolis/COR_emissary_lost_digital.pdf,2,,1224.57,790.87,1,1400x904,96.53,88.45,,,ok
Coriolis/COR_emissary_lost_digital.pdf,2,,1224.57,790.87,2,2800x1808,189.27,180.08,,,ok
Coriolis/COR_emissary_lost_digital.pdf,2,,1224.57,790.87,text,,,,29,7.56,ok
Coriolis/COR_emissary_lost_digital.pdf,3,,612.28,790.87,1,1400x1808,27.65,19.67,,,ok
Coriolis/COR_emissary_lost_digital.pdf,3,,612.28,790.87,2,2800x3617,47.75,37.16,,,ok
Coriolis/COR_emissary_lost_digital.pdf,3,,612.28,790.87,text,,,,667,8.04,ok
Coriolis/COR_emissary_lost_digital.pdf,10,,612.28,790.87,1,1400x1808,24.54,16.12,,,ok
Coriolis/COR_emissary_lost_digital.pdf,10,,612.28,790.87,2,2800x3617,45.34,34.55,,,ok
Coriolis/COR_emissary_lost_digital.pdf,10,,612.28,790.87,text,,,,29,7.35,ok
Coriolis/COR_emissary_lost_digital.pdf,20,,612.28,790.87,1,1400x1808,150.83,142.24,,,ok
Coriolis/COR_emissary_lost_digital.pdf,20,,612.28,790.87,2,2800x3617,346.31,335.42,,,ok
Coriolis/COR_emissary_lost_digital.pdf,20,,612.28,790.87,text,,,,2952,10.51,ok
Coriolis/COR_emissary_lost_digital.pdf,30,,612.28,790.87,1,1400x1808,110.21,101.92,,,ok
Coriolis/COR_emissary_lost_digital.pdf,30,,612.28,790.87,2,2800x3617,267.29,258.94,,,ok
Coriolis/COR_emissary_lost_digital.pdf,30,,612.28,790.87,text,,,,3132,10.35,ok
Coriolis/COR_emissary_lost_digital.pdf,40,,612.28,790.87,1,1400x1808,150.59,142.76,,,ok
Coriolis/COR_emissary_lost_digital.pdf,40,,612.28,790.87,2,2800x3617,366.67,357.62,,,ok
Coriolis/COR_emissary_lost_digital.pdf,40,,612.28,790.87,text,,,,2186,10.08,ok
Coriolis/COR_emissary_lost_digital.pdf,49,,612.28,790.87,1,1400x1808,98.81,90.54,,,ok
Coriolis/COR_emissary_lost_digital.pdf,49,,612.28,790.87,2,2800x3617,280.97,272.36,,,ok
Coriolis/COR_emissary_lost_digital.pdf,49,,612.28,790.87,text,,,,3147,10.06,ok
Coriolis/COR_emissary_lost_digital.pdf,59,,612.28,790.87,1,1400x1808,145.6,131.79,,,ok
Coriolis/COR_emissary_lost_digital.pdf,59,,612.28,790.87,2,2800x3617,342.76,333.61,,,ok
Coriolis/COR_emissary_lost_digital.pdf,59,,612.28,790.87,text,,,,2837,10.79,ok
Coriolis/COR_emissary_lost_digital.pdf,69,,612.28,790.87,1,1400x1808,158.67,150.58,,,ok
Coriolis/COR_emissary_lost_digital.pdf,69,,612.28,790.87,2,2800x3617,414.88,405.83,,,ok
Coriolis/COR_emissary_lost_digital.pdf,69,,612.28,790.87,text,,,,3409,11.17,ok
Coriolis/COR_emissary_lost_digital.pdf,79,,612.28,790.87,1,1400x1808,78.21,69.36,,,ok
Coriolis/COR_emissary_lost_digital.pdf,79,,612.28,790.87,2,2800x3617,198.97,189.54,,,ok
Coriolis/COR_emissary_lost_digital.pdf,79,,612.28,790.87,text,,,,384,8.98,ok
Coriolis/COR_emissary_lost_digital.pdf,88,,612.28,790.87,1,1400x1808,122.97,115.09,,,ok
Coriolis/COR_emissary_lost_digital.pdf,88,,612.28,790.87,2,2800x3617,306.17,296.7,,,ok
Coriolis/COR_emissary_lost_digital.pdf,88,,612.28,790.87,text,,,,2201,9.61,ok
Coriolis/COR_emissary_lost_digital.pdf,98,,612.28,790.87,1,1400x1808,167.59,158.86,,,ok
Coriolis/COR_emissary_lost_digital.pdf,98,,612.28,790.87,2,2800x3617,407.53,398.78,,,ok
Coriolis/COR_emissary_lost_digital.pdf,98,,612.28,790.87,text,,,,2733,10.22,ok
Coriolis/COR_emissary_lost_digital.pdf,108,,612.28,790.87,1,1400x1808,120.58,112.79,,,ok
Coriolis/COR_emissary_lost_digital.pdf,108,,612.28,790.87,2,2800x3617,292.75,283.21,,,ok
Coriolis/COR_emissary_lost_digital.pdf,108,,612.28,790.87,text,,,,2411,10.5,ok
Coriolis/COR_emissary_lost_digital.pdf,118,,612.28,790.87,1,1400x1808,119.2,110.06,,,ok
Coriolis/COR_emissary_lost_digital.pdf,118,,612.28,790.87,2,2800x3617,292.53,283.13,,,ok
Coriolis/COR_emissary_lost_digital.pdf,118,,612.28,790.87,text,,,,1639,10.37,ok
Coriolis/COR_emissary_lost_digital.pdf,127,,612.28,790.87,1,1400x1808,170.11,161.79,,,ok
Coriolis/COR_emissary_lost_digital.pdf,127,,612.28,790.87,2,2800x3617,398.65,389.79,,,ok
Coriolis/COR_emissary_lost_digital.pdf,127,,612.28,790.87,text,,,,2665,11.93,ok
Coriolis/COR_emissary_lost_digital.pdf,137,,612.28,790.87,1,1400x1808,154.47,146.02,,,ok
Coriolis/COR_emissary_lost_digital.pdf,137,,612.28,790.87,2,2800x3617,417.13,407.94,,,ok
Coriolis/COR_emissary_lost_digital.pdf,137,,612.28,790.87,text,,,,3921,16.18,ok
Coriolis/COR_emissary_lost_digital.pdf,147,,612.28,790.87,1,1400x1808,152.74,144.9,,,ok
Coriolis/COR_emissary_lost_digital.pdf,147,,612.28,790.87,2,2800x3617,408.81,399.82,,,ok
Coriolis/COR_emissary_lost_digital.pdf,147,,612.28,790.87,text,,,,3660,11.03,ok
Coriolis/COR_emissary_lost_digital.pdf,157,,612.28,790.87,1,1400x1808,170.57,161.69,,,ok
Coriolis/COR_emissary_lost_digital.pdf,157,,612.28,790.87,2,2800x3617,404.78,395.7,,,ok
Coriolis/COR_emissary_lost_digital.pdf,157,,612.28,790.87,text,,,,2466,10.43,ok
Coriolis/COR_emissary_lost_digital.pdf,166,,612.28,790.87,1,1400x1808,151.82,143.98,,,ok
Coriolis/COR_emissary_lost_digital.pdf,166,,612.28,790.87,2,2800x3617,401,392.35,,,ok
Coriolis/COR_emissary_lost_digital.pdf,166,,612.28,790.87,text,,,,3520,10.85,ok
Coriolis/COR_emissary_lost_digital.pdf,176,,612.28,790.87,1,1400x1808,152.94,144.31,,,ok
Coriolis/COR_emissary_lost_digital.pdf,176,,612.28,790.87,2,2800x3617,383.48,373.88,,,ok
Coriolis/COR_emissary_lost_digital.pdf,176,,612.28,790.87,text,,,,2961,10.51,ok
Coriolis/COR_emissary_lost_digital.pdf,186,,612.28,790.87,1,1400x1808,64.52,55.97,,,ok
Coriolis/COR_emissary_lost_digital.pdf,186,,612.28,790.87,2,2800x3617,157.09,148.14,,,ok
Coriolis/COR_emissary_lost_digital.pdf,186,,612.28,790.87,text,,,,44,7.75,ok
Coriolis/COR_emissary_lost_digital.pdf,196,,612.28,790.87,1,1400x1808,55.63,46.99,,,ok
Coriolis/COR_emissary_lost_digital.pdf,196,,612.28,790.87,2,2800x3617,137.49,128.57,,,ok
Coriolis/COR_emissary_lost_digital.pdf,196,,612.28,790.87,text,,,,3385,10.28,ok
Coriolis/COR_emissary_lost_digital.pdf,205,,612.28,790.87,1,1400x1808,63.24,55.21,,,ok
Coriolis/COR_emissary_lost_digital.pdf,205,,612.28,790.87,2,2800x3617,154.11,145.47,,,ok
Coriolis/COR_emissary_lost_digital.pdf,205,,612.28,790.87,text,,,,40,7.69,ok
Coriolis/COR_emissary_lost_digital.pdf,235,,593.02,807.87,1,1400x1907,37.71,28.89,,,ok
Coriolis/COR_emissary_lost_digital.pdf,235,,593.02,807.87,2,2800x3814,80.42,71.56,,,ok
Coriolis/COR_emissary_lost_digital.pdf,235,,593.02,807.87,text,,,,1782,9.86,ok
Coriolis/battlemaps_download.pdf,1,,963.78,680.32,1,1400x988,142.28,132.89,,,ok
Coriolis/battlemaps_download.pdf,1,,963.78,680.32,2,2800x1976,162.76,148.87,,,ok
Coriolis/battlemaps_download.pdf,1,,963.78,680.32,text,,,,17,12.29,ok
Coriolis/battlemaps_download.pdf,2,,963.78,680.32,1,1400x988,120.71,108.92,,,ok
Coriolis/battlemaps_download.pdf,2,,963.78,680.32,2,2800x1976,231.47,221.52,,,ok
Coriolis/battlemaps_download.pdf,2,,963.78,680.32,text,,,,33,8.19,ok
FateForge/Cartography_Lands_Encyclopedia_1_EN_09-02-22/FATEFORGE_Accessories_Cartography_Lands-Kaan_EN_28-04-21.pdf,1,,1190.55,841.89,1,1400x990,183.2,174.2,,,ok
FateForge/Cartography_Lands_Encyclopedia_1_EN_09-02-22/FATEFORGE_Accessories_Cartography_Lands-Kaan_EN_28-04-21.pdf,1,,1190.55,841.89,2,2800x1980,262.92,250.21,,,ok
FateForge/Cartography_Lands_Encyclopedia_1_EN_09-02-22/FATEFORGE_Accessories_Cartography_Lands-Kaan_EN_28-04-21.pdf,1,,1190.55,841.89,text,,,,654,12.48,ok
FateForge/gamemasterscreen_greatwyrm.pdf,1,,2508.66,578.27,1,1400x323,139.81,131.58,,,ok
FateForge/gamemasterscreen_greatwyrm.pdf,1,,2508.66,578.27,2,2800x645,173.63,164.59,,,ok
FateForge/gamemasterscreen_greatwyrm.pdf,1,,2508.66,578.27,text,,,,8672,18.49,ok
FateForge/gamemasterscreen_greatwyrm.pdf,2,,2508.66,578.27,1,1400x323,63.83,56.62,,,ok
FateForge/gamemasterscreen_greatwyrm.pdf,2,,2508.66,578.27,2,2800x645,69.46,61.19,,,ok
FateForge/gamemasterscreen_greatwyrm.pdf,2,,2508.66,578.27,text,,,,0,7.81,ok
Ryokos Guide to the Yokai Realms/RyokoItemCards_-_Ryoko_s_Treasures_v1.00__Digital_.pdf,1,,216.14,357.87,1,1400x2318,90.1,78.7,,,ok
Ryokos Guide to the Yokai Realms/RyokoItemCards_-_Ryoko_s_Treasures_v1.00__Digital_.pdf,1,,216.14,357.87,2,2800x4636,162.73,143.37,,,ok
Ryokos Guide to the Yokai Realms/RyokoItemCards_-_Ryoko_s_Treasures_v1.00__Digital_.pdf,1,,216.14,357.87,text,,,,90,9.62,ok
Ryokos Guide to the Yokai Realms/RyokoItemCards_-_Ryoko_s_Treasures_v1.00__Digital_.pdf,2,,216.14,357.87,1,1400x2318,57.68,48.6,,,ok
Ryokos Guide to the Yokai Realms/RyokoItemCards_-_Ryoko_s_Treasures_v1.00__Digital_.pdf,2,,216.14,357.87,2,2800x4636,100.23,88.46,,,ok
Ryokos Guide to the Yokai Realms/RyokoItemCards_-_Ryoko_s_Treasures_v1.00__Digital_.pdf,2,,216.14,357.87,text,,,,757,9.05,ok
Ryokos Guide to the Yokai Realms/RyokoItemCards_-_Ryoko_s_Treasures_v1.00__Digital_.pdf,3,,216.14,357.87,1,1400x2318,80.25,72.26,,,ok
Ryokos Guide to the Yokai Realms/RyokoItemCards_-_Ryoko_s_Treasures_v1.00__Digital_.pdf,3,,216.14,357.87,2,2800x4636,142.9,133.56,,,ok
Ryokos Guide to the Yokai Realms/RyokoItemCards_-_Ryoko_s_Treasures_v1.00__Digital_.pdf,3,,216.14,357.87,text,,,,94,7.53,ok
Ryokos Guide to the Yokai Realms/RyokoItemCards_-_Ryoko_s_Treasures_v1.00__Digital_.pdf,8,,216.14,357.87,1,1400x2318,53.61,45.1,,,ok
Ryokos Guide to the Yokai Realms/RyokoItemCards_-_Ryoko_s_Treasures_v1.00__Digital_.pdf,8,,216.14,357.87,2,2800x4636,94.15,85.24,,,ok
Ryokos Guide to the Yokai Realms/RyokoItemCards_-_Ryoko_s_Treasures_v1.00__Digital_.pdf,8,,216.14,357.87,text,,,,604,7.77,ok
Ryokos Guide to the Yokai Realms/RyokoItemCards_-_Ryoko_s_Treasures_v1.00__Digital_.pdf,15,,216.14,357.87,1,1400x2318,94.76,85.58,,,ok
Ryokos Guide to the Yokai Realms/RyokoItemCards_-_Ryoko_s_Treasures_v1.00__Digital_.pdf,15,,216.14,357.87,2,2800x4636,222.66,213.9,,,ok
Ryokos Guide to the Yokai Realms/RyokoItemCards_-_Ryoko_s_Treasures_v1.00__Digital_.pdf,15,,216.14,357.87,text,,,,105,7.57,ok
Ryokos Guide to the Yokai Realms/RyokoItemCards_-_Ryoko_s_Treasures_v1.00__Digital_.pdf,23,,216.14,357.87,1,1400x2318,84.8,77.04,,,ok
Ryokos Guide to the Yokai Realms/RyokoItemCards_-_Ryoko_s_Treasures_v1.00__Digital_.pdf,23,,216.14,357.87,2,2800x4636,153.82,145.13,,,ok
Ryokos Guide to the Yokai Realms/RyokoItemCards_-_Ryoko_s_Treasures_v1.00__Digital_.pdf,23,,216.14,357.87,text,,,,80,7.49,ok
Ryokos Guide to the Yokai Realms/RyokoItemCards_-_Ryoko_s_Treasures_v1.00__Digital_.pdf,30,,216.14,357.87,1,1400x2318,56,47.68,,,ok
Ryokos Guide to the Yokai Realms/RyokoItemCards_-_Ryoko_s_Treasures_v1.00__Digital_.pdf,30,,216.14,357.87,2,2800x4636,99.71,90.75,,,ok
Ryokos Guide to the Yokai Realms/RyokoItemCards_-_Ryoko_s_Treasures_v1.00__Digital_.pdf,30,,216.14,357.87,text,,,,840,8.33,ok
Ryokos Guide to the Yokai Realms/RyokoItemCards_-_Ryoko_s_Treasures_v1.00__Digital_.pdf,38,,216.14,357.87,1,1400x2318,54.05,44.85,,,ok
Ryokos Guide to the Yokai Realms/RyokoItemCards_-_Ryoko_s_Treasures_v1.00__Digital_.pdf,38,,216.14,357.87,2,2800x4636,103.78,94.28,,,ok
Ryokos Guide to the Yokai Realms/RyokoItemCards_-_Ryoko_s_Treasures_v1.00__Digital_.pdf,38,,216.14,357.87,text,,,,1312,8.34,ok
Ryokos Guide to the Yokai Realms/RyokoItemCards_-_Ryoko_s_Treasures_v1.00__Digital_.pdf,45,,216.14,357.87,1,1400x2318,68.14,59.32,,,ok
Ryokos Guide to the Yokai Realms/RyokoItemCards_-_Ryoko_s_Treasures_v1.00__Digital_.pdf,45,,216.14,357.87,2,2800x4636,118.56,109.85,,,ok
Ryokos Guide to the Yokai Realms/RyokoItemCards_-_Ryoko_s_Treasures_v1.00__Digital_.pdf,45,,216.14,357.87,text,,,,55,7.39,ok
Ryokos Guide to the Yokai Realms/RyokoItemCards_-_Ryoko_s_Treasures_v1.00__Digital_.pdf,53,,216.14,357.87,1,1400x2318,134.13,125.66,,,ok
Ryokos Guide to the Yokai Realms/RyokoItemCards_-_Ryoko_s_Treasures_v1.00__Digital_.pdf,53,,216.14,357.87,2,2800x4636,345.52,336.06,,,ok
Ryokos Guide to the Yokai Realms/RyokoItemCards_-_Ryoko_s_Treasures_v1.00__Digital_.pdf,53,,216.14,357.87,text,,,,93,7.37,ok
Ryokos Guide to the Yokai Realms/RyokoItemCards_-_Ryoko_s_Treasures_v1.00__Digital_.pdf,60,,216.14,357.87,1,1400x2318,54.13,45.22,,,ok
Ryokos Guide to the Yokai Realms/RyokoItemCards_-_Ryoko_s_Treasures_v1.00__Digital_.pdf,60,,216.14,357.87,2,2800x4636,93.65,84.9,,,ok
Ryokos Guide to the Yokai Realms/RyokoItemCards_-_Ryoko_s_Treasures_v1.00__Digital_.pdf,60,,216.14,357.87,text,,,,555,7.84,ok
Ryokos Guide to the Yokai Realms/RyokoItemCards_-_Ryoko_s_Treasures_v1.00__Digital_.pdf,68,,216.14,357.87,1,1400x2318,54.92,46.43,,,ok
Ryokos Guide to the Yokai Realms/RyokoItemCards_-_Ryoko_s_Treasures_v1.00__Digital_.pdf,68,,216.14,357.87,2,2800x4636,115.77,106.2,,,ok
Ryokos Guide to the Yokai Realms/RyokoItemCards_-_Ryoko_s_Treasures_v1.00__Digital_.pdf,68,,216.14,357.87,text,,,,625,7.79,ok
Ryokos Guide to the Yokai Realms/RyokoItemCards_-_Ryoko_s_Treasures_v1.00__Digital_.pdf,75,,216.14,357.87,1,1400x2318,73.72,64.79,,,ok
Ryokos Guide to the Yokai Realms/RyokoItemCards_-_Ryoko_s_Treasures_v1.00__Digital_.pdf,75,,216.14,357.87,2,2800x4636,142.95,133.67,,,ok
Ryokos Guide to the Yokai Realms/RyokoItemCards_-_Ryoko_s_Treasures_v1.00__Digital_.pdf,75,,216.14,357.87,text,,,,91,8.62,ok
Ryokos Guide to the Yokai Realms/RyokoItemCards_-_Ryoko_s_Treasures_v1.00__Digital_.pdf,83,,216.14,357.87,1,1400x2318,111.42,102.86,,,ok
Ryokos Guide to the Yokai Realms/RyokoItemCards_-_Ryoko_s_Treasures_v1.00__Digital_.pdf,83,,216.14,357.87,2,2800x4636,275.12,265.9,,,ok
Ryokos Guide to the Yokai Realms/RyokoItemCards_-_Ryoko_s_Treasures_v1.00__Digital_.pdf,83,,216.14,357.87,text,,,,78,7.98,ok
Ryokos Guide to the Yokai Realms/RyokoItemCards_-_Ryoko_s_Treasures_v1.00__Digital_.pdf,90,,216.14,357.87,1,1400x2318,58.62,49.74,,,ok
Ryokos Guide to the Yokai Realms/RyokoItemCards_-_Ryoko_s_Treasures_v1.00__Digital_.pdf,90,,216.14,357.87,2,2800x4636,113.63,104.45,,,ok
Ryokos Guide to the Yokai Realms/RyokoItemCards_-_Ryoko_s_Treasures_v1.00__Digital_.pdf,90,,216.14,357.87,text,,,,1304,8.11,ok
Ryokos Guide to the Yokai Realms/RyokoItemCards_-_Ryoko_s_Treasures_v1.00__Digital_.pdf,91,,216.14,357.87,1,1400x2318,91.47,83,,,ok
Ryokos Guide to the Yokai Realms/RyokoItemCards_-_Ryoko_s_Treasures_v1.00__Digital_.pdf,91,,216.14,357.87,2,2800x4636,201.93,192.75,,,ok
Ryokos Guide to the Yokai Realms/RyokoItemCards_-_Ryoko_s_Treasures_v1.00__Digital_.pdf,91,,216.14,357.87,text,,,,80,7.65,ok
Ryokos Guide to the Yokai Realms/RyokoItemCards_-_Ryoko_s_Treasures_v1.00__Digital_.pdf,97,,216.14,357.87,1,1400x2318,121.87,112.96,,,ok
Ryokos Guide to the Yokai Realms/RyokoItemCards_-_Ryoko_s_Treasures_v1.00__Digital_.pdf,97,,216.14,357.87,2,2800x4636,301.88,292.7,,,ok
Ryokos Guide to the Yokai Realms/RyokoItemCards_-_Ryoko_s_Treasures_v1.00__Digital_.pdf,97,,216.14,357.87,text,,,,53,7.62,ok
Ryokos Guide to the Yokai Realms/RyokoItemCards_-_Ryoko_s_Treasures_v1.00__Digital_.pdf,105,,216.14,357.87,1,1400x2318,89.28,80.48,,,ok
Ryokos Guide to the Yokai Realms/RyokoItemCards_-_Ryoko_s_Treasures_v1.00__Digital_.pdf,105,,216.14,357.87,2,2800x4636,157.07,147.37,,,ok
Ryokos Guide to the Yokai Realms/RyokoItemCards_-_Ryoko_s_Treasures_v1.00__Digital_.pdf,105,,216.14,357.87,text,,,,88,8.22,ok
Ryokos Guide to the Yokai Realms/RyokoItemCards_-_Ryoko_s_Treasures_v1.00__Digital_.pdf,112,,216.14,357.87,1,1400x2318,59.63,50.01,,,ok
Ryokos Guide to the Yokai Realms/RyokoItemCards_-_Ryoko_s_Treasures_v1.00__Digital_.pdf,112,,216.14,357.87,2,2800x4636,112.56,102.69,,,ok
Ryokos Guide to the Yokai Realms/RyokoItemCards_-_Ryoko_s_Treasures_v1.00__Digital_.pdf,112,,216.14,357.87,text,,,,1227,8.86,ok
Ryokos Guide to the Yokai Realms/RyokoItemCards_-_Ryoko_s_Treasures_v1.00__Digital_.pdf,120,,216.14,357.87,1,1400x2318,58.37,50.24,,,ok
Ryokos Guide to the Yokai Realms/RyokoItemCards_-_Ryoko_s_Treasures_v1.00__Digital_.pdf,120,,216.14,357.87,2,2800x4636,115.98,106.94,,,ok
Ryokos Guide to the Yokai Realms/RyokoItemCards_-_Ryoko_s_Treasures_v1.00__Digital_.pdf,120,,216.14,357.87,text,,,,1273,8.28,ok
Ryokos Guide to the Yokai Realms/RyokoItemCards_-_Ryoko_s_Treasures_v1.00__Digital_.pdf,127,,216.14,357.87,1,1400x2318,118.04,109.25,,,ok
Ryokos Guide to the Yokai Realms/RyokoItemCards_-_Ryoko_s_Treasures_v1.00__Digital_.pdf,127,,216.14,357.87,2,2800x4636,339.89,330.93,,,ok
Ryokos Guide to the Yokai Realms/RyokoItemCards_-_Ryoko_s_Treasures_v1.00__Digital_.pdf,127,,216.14,357.87,text,,,,102,7.83,ok
Ryokos Guide to the Yokai Realms/RyokoItemCards_-_Ryoko_s_Treasures_v1.00__Digital_.pdf,135,,216.14,357.87,1,1400x2318,231.62,222.98,,,ok
Ryokos Guide to the Yokai Realms/RyokoItemCards_-_Ryoko_s_Treasures_v1.00__Digital_.pdf,135,,216.14,357.87,2,2800x4636,697,687.38,,,ok
Ryokos Guide to the Yokai Realms/RyokoItemCards_-_Ryoko_s_Treasures_v1.00__Digital_.pdf,135,,216.14,357.87,text,,,,114,7.65,ok
Ryokos Guide to the Yokai Realms/RyokoItemCards_-_Ryoko_s_Treasures_v1.00__Digital_.pdf,142,,216.14,357.87,1,1400x2318,60.37,50.61,,,ok
Ryokos Guide to the Yokai Realms/RyokoItemCards_-_Ryoko_s_Treasures_v1.00__Digital_.pdf,142,,216.14,357.87,2,2800x4636,107.54,97.34,,,ok
Ryokos Guide to the Yokai Realms/RyokoItemCards_-_Ryoko_s_Treasures_v1.00__Digital_.pdf,142,,216.14,357.87,text,,,,674,8.64,ok
Ryokos Guide to the Yokai Realms/RyokoItemCards_-_Ryoko_s_Treasures_v1.00__Digital_.pdf,150,,216.14,357.87,1,1400x2318,57.32,49.5,,,ok
Ryokos Guide to the Yokai Realms/RyokoItemCards_-_Ryoko_s_Treasures_v1.00__Digital_.pdf,150,,216.14,357.87,2,2800x4636,111.51,102.54,,,ok
Ryokos Guide to the Yokai Realms/RyokoItemCards_-_Ryoko_s_Treasures_v1.00__Digital_.pdf,150,,216.14,357.87,text,,,,1146,8.78,ok
Ryokos Guide to the Yokai Realms/RyokoItemCards_-_Ryoko_s_Treasures_v1.00__Digital_.pdf,180,,216.14,357.87,1,1400x2318,62.18,53.06,,,ok
Ryokos Guide to the Yokai Realms/RyokoItemCards_-_Ryoko_s_Treasures_v1.00__Digital_.pdf,180,,216.14,357.87,2,2800x4636,110.32,100.9,,,ok
Ryokos Guide to the Yokai Realms/RyokoItemCards_-_Ryoko_s_Treasures_v1.00__Digital_.pdf,180,,216.14,357.87,text,,,,1049,8.5,ok
HumbleBundle/OutOfTheBox.pdf,1,A,612,792,1,1400x1812,88.63,78.42,,,ok
HumbleBundle/OutOfTheBox.pdf,1,A,612,792,2,2800x3624,164.37,149.17,,,ok
HumbleBundle/OutOfTheBox.pdf,1,A,612,792,text,,,,11,9.24,ok
HumbleBundle/OutOfTheBox.pdf,2,B,612,792,1,1400x1812,66.24,58.15,,,ok
HumbleBundle/OutOfTheBox.pdf,2,B,612,792,2,2800x3624,154.77,146.2,,,ok
HumbleBundle/OutOfTheBox.pdf,2,B,612,792,text,,,,0,7.4,ok
HumbleBundle/OutOfTheBox.pdf,3,1,612,792,1,1400x1812,83.97,75.81,,,ok
HumbleBundle/OutOfTheBox.pdf,3,1,612,792,2,2800x3624,214.88,204.07,,,ok
HumbleBundle/OutOfTheBox.pdf,3,1,612,792,text,,,,1865,10.28,ok
HumbleBundle/OutOfTheBox.pdf,9,7,612,792,1,1400x1812,99.86,91.83,,,ok
HumbleBundle/OutOfTheBox.pdf,9,7,612,792,2,2800x3624,235.23,222.85,,,ok
HumbleBundle/OutOfTheBox.pdf,9,7,612,792,text,,,,998,8.15,ok
HumbleBundle/OutOfTheBox.pdf,17,15,612,792,1,1400x1812,72.26,63.19,,,ok
HumbleBundle/OutOfTheBox.pdf,17,15,612,792,2,2800x3624,189.56,181,,,ok
HumbleBundle/OutOfTheBox.pdf,17,15,612,792,text,,,,3252,9.01,ok
HumbleBundle/OutOfTheBox.pdf,25,23,612,792,1,1400x1812,78.29,69.77,,,ok
HumbleBundle/OutOfTheBox.pdf,25,23,612,792,2,2800x3624,211.41,202.98,,,ok
HumbleBundle/OutOfTheBox.pdf,25,23,612,792,text,,,,2501,9.28,ok
HumbleBundle/OutOfTheBox.pdf,34,32,612,792,1,1400x1812,80.51,71.41,,,ok
HumbleBundle/OutOfTheBox.pdf,34,32,612,792,2,2800x3624,195.08,186.56,,,ok
HumbleBundle/OutOfTheBox.pdf,34,32,612,792,text,,,,2310,9.32,ok
HumbleBundle/OutOfTheBox.pdf,42,40,612,792,1,1400x1812,73.31,63.4,,,ok
HumbleBundle/OutOfTheBox.pdf,42,40,612,792,2,2800x3624,184.78,176.37,,,ok
HumbleBundle/OutOfTheBox.pdf,42,40,612,792,text,,,,2834,8.67,ok
HumbleBundle/OutOfTheBox.pdf,50,48,612,792,1,1400x1812,71.72,63.15,,,ok
HumbleBundle/OutOfTheBox.pdf,50,48,612,792,2,2800x3624,187.6,179.34,,,ok
HumbleBundle/OutOfTheBox.pdf,50,48,612,792,text,,,,3167,8.95,ok
HumbleBundle/OutOfTheBox.pdf,58,56,612,792,1,1400x1812,92.5,84.45,,,ok
HumbleBundle/OutOfTheBox.pdf,58,56,612,792,2,2800x3624,227.99,219.26,,,ok
HumbleBundle/OutOfTheBox.pdf,58,56,612,792,text,,,,1731,11.75,ok
HumbleBundle/OutOfTheBox.pdf,67,65,612,792,1,1400x1812,112.25,105.15,,,ok
HumbleBundle/OutOfTheBox.pdf,67,65,612,792,2,2800x3624,284.61,275.47,,,ok
HumbleBundle/OutOfTheBox.pdf,67,65,612,792,text,,,,934,8.76,ok
HumbleBundle/OutOfTheBox.pdf,75,73,612,792,1,1400x1812,76.49,68.46,,,ok
HumbleBundle/OutOfTheBox.pdf,75,73,612,792,2,2800x3624,214.15,205.49,,,ok
HumbleBundle/OutOfTheBox.pdf,75,73,612,792,text,,,,3362,10.68,ok
HumbleBundle/OutOfTheBox.pdf,83,81,612,792,1,1400x1812,101.05,92.44,,,ok
HumbleBundle/OutOfTheBox.pdf,83,81,612,792,2,2800x3624,246.56,237.46,,,ok
HumbleBundle/OutOfTheBox.pdf,83,81,612,792,text,,,,1860,10.15,ok
HumbleBundle/OutOfTheBox.pdf,91,89,612,792,1,1400x1812,87.21,79.2,,,ok
HumbleBundle/OutOfTheBox.pdf,91,89,612,792,2,2800x3624,214.35,205.57,,,ok
HumbleBundle/OutOfTheBox.pdf,91,89,612,792,text,,,,1814,9.5,ok
HumbleBundle/OutOfTheBox.pdf,100,98,612,792,1,1400x1812,85.18,75.42,,,ok
HumbleBundle/OutOfTheBox.pdf,100,98,612,792,2,2800x3624,214.79,204.69,,,ok
HumbleBundle/OutOfTheBox.pdf,100,98,612,792,text,,,,3740,10.19,ok
HumbleBundle/OutOfTheBox.pdf,108,106,612,792,1,1400x1812,100.18,92.27,,,ok
HumbleBundle/OutOfTheBox.pdf,108,106,612,792,2,2800x3624,258.11,249.14,,,ok
HumbleBundle/OutOfTheBox.pdf,108,106,612,792,text,,,,1104,8.86,ok
HumbleBundle/OutOfTheBox.pdf,116,114,612,792,1,1400x1812,116.09,107.31,,,ok
HumbleBundle/OutOfTheBox.pdf,116,114,612,792,2,2800x3624,292.72,283.7,,,ok
HumbleBundle/OutOfTheBox.pdf,116,114,612,792,text,,,,1622,10.29,ok
HumbleBundle/OutOfTheBox.pdf,124,122,612,792,1,1400x1812,97.34,89.21,,,ok
HumbleBundle/OutOfTheBox.pdf,124,122,612,792,2,2800x3624,236.38,227.58,,,ok
HumbleBundle/OutOfTheBox.pdf,124,122,612,792,text,,,,1408,8.57,ok
HumbleBundle/OutOfTheBox.pdf,133,131,612,792,1,1400x1812,80.97,72.35,,,ok
HumbleBundle/OutOfTheBox.pdf,133,131,612,792,2,2800x3624,202.77,194.02,,,ok
HumbleBundle/OutOfTheBox.pdf,133,131,612,792,text,,,,2819,10.03,ok
HumbleBundle/OutOfTheBox.pdf,141,139,612,792,1,1400x1812,86.06,78.01,,,ok
HumbleBundle/OutOfTheBox.pdf,141,139,612,792,2,2800x3624,217.17,208.25,,,ok
HumbleBundle/OutOfTheBox.pdf,141,139,612,792,text,,,,2420,10.25,ok
HumbleBundle/OutOfTheBox.pdf,149,147,612,792,1,1400x1812,100.11,91.26,,,ok
HumbleBundle/OutOfTheBox.pdf,149,147,612,792,2,2800x3624,248.34,239.44,,,ok
HumbleBundle/OutOfTheBox.pdf,149,147,612,792,text,,,,1108,8.33,ok
HumbleBundle/OutOfTheBox.pdf,157,155,612,792,1,1400x1812,77.89,69.78,,,ok
HumbleBundle/OutOfTheBox.pdf,157,155,612,792,2,2800x3624,210.67,200.84,,,ok
HumbleBundle/OutOfTheBox.pdf,157,155,612,792,text,,,,3444,9.31,ok
HumbleBundle/OutOfTheBox.pdf,166,164,612,792,1,1400x1812,85.98,77.09,,,ok
HumbleBundle/OutOfTheBox.pdf,166,164,612,792,2,2800x3624,218.16,209.3,,,ok
HumbleBundle/OutOfTheBox.pdf,166,164,612,792,text,,,,2892,10.23,ok
HumbleBundle/OutOfTheBox.pdf,174,172,612,792,1,1400x1812,89.46,81.6,,,ok
HumbleBundle/OutOfTheBox.pdf,174,172,612,792,2,2800x3624,211.07,202.14,,,ok
HumbleBundle/OutOfTheBox.pdf,174,172,612,792,text,,,,1320,8.86,ok
HumbleBundle/OutOfTheBox.pdf,199,I,612,792,1,1400x1812,35.6,27.29,,,ok
HumbleBundle/OutOfTheBox.pdf,199,I,612,792,2,2800x3624,80.02,70.78,,,ok
HumbleBundle/OutOfTheBox.pdf,199,I,612,792,text,,,,1355,8.96,ok
Oneshots/Quartershots/QSRR-Prep-DCC-v1_0-interactive.pdf,1,,612,792,1,1400x1812,26.8,14.55,,,ok
Oneshots/Quartershots/QSRR-Prep-DCC-v1_0-interactive.pdf,1,,612,792,2,2800x3624,41.74,22.64,,,ok
Oneshots/Quartershots/QSRR-Prep-DCC-v1_0-interactive.pdf,1,,612,792,text,,,,1000,13.27,ok
Oneshots/Quartershots/QSRR-Prep-DCC-v1_0-interactive.pdf,2,,612,792,1,1400x1812,12.47,3.95,,,ok
Oneshots/Quartershots/QSRR-Prep-DCC-v1_0-interactive.pdf,2,,612,792,2,2800x3624,20.98,9.78,,,ok
Oneshots/Quartershots/QSRR-Prep-DCC-v1_0-interactive.pdf,2,,612,792,text,,,,2307,9.12,ok
Oneshots/Quartershots/QSRR-Prep-DCC-v1_0-interactive.pdf,3,,612,792,1,1400x1812,16.86,8.65,,,ok
Oneshots/Quartershots/QSRR-Prep-DCC-v1_0-interactive.pdf,3,,612,792,2,2800x3624,30.93,19.97,,,ok
Oneshots/Quartershots/QSRR-Prep-DCC-v1_0-interactive.pdf,3,,612,792,text,,,,1482,8.8,ok
Oneshots/Quartershots/QSRR-Prep-DCC-v1_0-interactive.pdf,4,,612,792,1,1400x1812,21.63,13.51,,,ok
Oneshots/Quartershots/QSRR-Prep-DCC-v1_0-interactive.pdf,4,,612,792,2,2800x3624,32.46,21.73,,,ok
Oneshots/Quartershots/QSRR-Prep-DCC-v1_0-interactive.pdf,4,,612,792,text,,,,2286,12.13,ok
Oneshots/Quartershots/QSRR-Prep-DCC-v1_0-interactive.pdf,5,,612,792,1,1400x1812,18.77,9.68,,,ok
Oneshots/Quartershots/QSRR-Prep-DCC-v1_0-interactive.pdf,5,,612,792,2,2800x3624,24.33,15.43,,,ok
Oneshots/Quartershots/QSRR-Prep-DCC-v1_0-interactive.pdf,5,,612,792,text,,,,1644,10.28,ok
Oneshots/Quartershots/QSRR-Prep-DCC-v1_0-interactive.pdf,6,,612,792,1,1400x1812,16.75,8.46,,,ok
Oneshots/Quartershots/QSRR-Prep-DCC-v1_0-interactive.pdf,6,,612,792,2,2800x3624,20.48,12.01,,,ok
Oneshots/Quartershots/QSRR-Prep-DCC-v1_0-interactive.pdf,6,,612,792,text,,,,1007,9.78,ok
Oneshots/Quartershots/QSRR-Prep-DCC-v1_0-interactive.pdf,7,,612,792,1,1400x1812,22.12,13.28,,,ok
Oneshots/Quartershots/QSRR-Prep-DCC-v1_0-interactive.pdf,7,,612,792,2,2800x3624,29.35,20.4,,,ok
Oneshots/Quartershots/QSRR-Prep-DCC-v1_0-interactive.pdf,7,,612,792,text,,,,2117,11.41,ok
Oneshots/Quartershots/QSRR-Prep-DCC-v1_0-interactive.pdf,8,,612,792,1,1400x1812,17.19,9.17,,,ok
Oneshots/Quartershots/QSRR-Prep-DCC-v1_0-interactive.pdf,8,,612,792,2,2800x3624,22.93,14.57,,,ok
Oneshots/Quartershots/QSRR-Prep-DCC-v1_0-interactive.pdf,8,,612,792,text,,,,1180,10.52,ok
Oneshots/Quartershots/QSRR-Prep-DCC-v1_0-interactive.pdf,9,,612,792,1,1400x1812,29.13,17.82,,,ok
Oneshots/Quartershots/QSRR-Prep-DCC-v1_0-interactive.pdf,9,,612,792,2,2800x3624,32.59,24.14,,,ok
Oneshots/Quartershots/QSRR-Prep-DCC-v1_0-interactive.pdf,9,,612,792,text,,,,2406,12.13,ok
Oneshots/Quartershots/QSRR-Prep-DCC-v1_0-interactive.pdf,10,,612,792,1,1400x1812,14.7,7.01,,,ok
Oneshots/Quartershots/QSRR-Prep-DCC-v1_0-interactive.pdf,10,,612,792,2,2800x3624,20.88,12.18,,,ok
Oneshots/Quartershots/QSRR-Prep-DCC-v1_0-interactive.pdf,10,,612,792,text,,,,899,10.22,ok
Oneshots/Quartershots/QSRR-Prep-DCC-v1_0-interactive.pdf,11,,612,792,1,1400x1812,16.38,8.14,,,ok
Oneshots/Quartershots/QSRR-Prep-DCC-v1_0-interactive.pdf,11,,612,792,2,2800x3624,22.03,13.38,,,ok
Oneshots/Quartershots/QSRR-Prep-DCC-v1_0-interactive.pdf,11,,612,792,text,,,,1282,9.75,ok
Oneshots/Quartershots/QSRR-Prep-DCC-v1_0-interactive.pdf,12,,612,792,1,1400x1812,15.41,8.07,,,ok
Oneshots/Quartershots/QSRR-Prep-DCC-v1_0-interactive.pdf,12,,612,792,2,2800x3624,22.42,14.08,,,ok
Oneshots/Quartershots/QSRR-Prep-DCC-v1_0-interactive.pdf,12,,612,792,text,,,,1243,10.23,ok
Oneshots/Quartershots/QSRR-Prep-DCC-v1_0-interactive.pdf,13,,612,792,1,1400x1812,20.21,11.33,,,ok
Oneshots/Quartershots/QSRR-Prep-DCC-v1_0-interactive.pdf,13,,612,792,2,2800x3624,26.11,17.57,,,ok
Oneshots/Quartershots/QSRR-Prep-DCC-v1_0-interactive.pdf,13,,612,792,text,,,,1644,11.27,ok
Oneshots/Quartershots/QSRR-Prep-DCC-v1_0-interactive.pdf,14,,612,792,1,1400x1812,20.18,12.6,,,ok
Oneshots/Quartershots/QSRR-Prep-DCC-v1_0-interactive.pdf,14,,612,792,2,2800x3624,29.05,20.65,,,ok
Oneshots/Quartershots/QSRR-Prep-DCC-v1_0-interactive.pdf,14,,612,792,text,,,,2658,11.01,ok
Oneshots/Quartershots/QSRR-Prep-DCC-v1_0-interactive.pdf,15,,612,792,1,1400x1812,17.23,9.06,,,ok
Oneshots/Quartershots/QSRR-Prep-DCC-v1_0-interactive.pdf,15,,612,792,2,2800x3624,22.98,13.99,,,ok
Oneshots/Quartershots/QSRR-Prep-DCC-v1_0-interactive.pdf,15,,612,792,text,,,,1355,10.23,ok
Oneshots/Quartershots/QSRR-Prep-DCC-v1_0-interactive.pdf,16,,612,792,1,1400x1812,23.6,15.67,,,ok
Oneshots/Quartershots/QSRR-Prep-DCC-v1_0-interactive.pdf,16,,612,792,2,2800x3624,30.72,22.1,,,ok
Oneshots/Quartershots/QSRR-Prep-DCC-v1_0-interactive.pdf,16,,612,792,text,,,,2605,11.91,ok
Oneshots/Quartershots/QSRR-Prep-DCC-v1_0-interactive.pdf,17,,612,792,1,1400x1812,17.96,9.93,,,ok
Oneshots/Quartershots/QSRR-Prep-DCC-v1_0-interactive.pdf,17,,612,792,2,2800x3624,23.49,15.17,,,ok
Oneshots/Quartershots/QSRR-Prep-DCC-v1_0-interactive.pdf,17,,612,792,text,,,,1633,10.57,ok
Oneshots/Quartershots/QSRR-Prep-DCC-v1_0-interactive.pdf,18,,612,792,1,1400x1812,17.67,9.34,,,ok
Oneshots/Quartershots/QSRR-Prep-DCC-v1_0-interactive.pdf,18,,612,792,2,2800x3624,22.32,13.59,,,ok
Oneshots/Quartershots/QSRR-Prep-DCC-v1_0-interactive.pdf,18,,612,792,text,,,,1135,10.11,ok
Oneshots/Quartershots/QSRR-Prep-DCC-v1_0-interactive.pdf,19,,612,792,1,1400x1812,17.84,8.34,,,ok
Oneshots/Quartershots/QSRR-Prep-DCC-v1_0-interactive.pdf,19,,612,792,2,2800x3624,22.25,13.69,,,ok
Oneshots/Quartershots/QSRR-Prep-DCC-v1_0-interactive.pdf,19,,612,792,text,,,,1388,9.76,ok
Oneshots/Quartershots/QSRR-Prep-DCC-v1_0-interactive.pdf,20,,612,792,1,1400x1812,21.09,13.66,,,ok
Oneshots/Quartershots/QSRR-Prep-DCC-v1_0-interactive.pdf,20,,612,792,2,2800x3624,25.89,17.21,,,ok
Oneshots/Quartershots/QSRR-Prep-DCC-v1_0-interactive.pdf,20,,612,792,text,,,,1853,10.28,ok
Oneshots/Quartershots/QSRR-Prep-DCC-v1_0-interactive.pdf,21,,612,792,1,1400x1812,21.14,12.49,,,ok
Oneshots/Quartershots/QSRR-Prep-DCC-v1_0-interactive.pdf,21,,612,792,2,2800x3624,25.32,16.78,,,ok
Oneshots/Quartershots/QSRR-Prep-DCC-v1_0-interactive.pdf,21,,612,792,text,,,,1773,10.51,ok
Oneshots/Quartershots/QSRR-Prep-DCC-v1_0-interactive.pdf,22,,612,792,1,1400x1812,17.93,10.47,,,ok
Oneshots/Quartershots/QSRR-Prep-DCC-v1_0-interactive.pdf,22,,612,792,2,2800x3624,23.59,15.49,,,ok
Oneshots/Quartershots/QSRR-Prep-DCC-v1_0-interactive.pdf,22,,612,792,text,,,,1632,10.16,ok
Oneshots/Quartershots/QSRR-Prep-DCC-v1_0-interactive.pdf,23,,612,792,1,1400x1812,18.28,10.16,,,ok
Oneshots/Quartershots/QSRR-Prep-DCC-v1_0-interactive.pdf,23,,612,792,2,2800x3624,24,15.37,,,ok
Oneshots/Quartershots/QSRR-Prep-DCC-v1_0-interactive.pdf,23,,612,792,text,,,,1430,10.94,ok
Oneshots/Quartershots/QSRR-Prep-DCC-v1_0-interactive.pdf,24,,612,792,1,1400x1812,10.94,3.21,,,ok
Oneshots/Quartershots/QSRR-Prep-DCC-v1_0-interactive.pdf,24,,612,792,2,2800x3624,18.18,9.67,,,ok
Oneshots/Quartershots/QSRR-Prep-DCC-v1_0-interactive.pdf,24,,612,792,text,,,,681,7.78,ok
"Truly, Madly, Deeply/912541-TMD_Consolidated.pdf",1,,612,792,1,1400x1812,146.04,133.31,,,ok
"Truly, Madly, Deeply/912541-TMD_Consolidated.pdf",1,,612,792,2,2800x3624,234.22,218.98,,,ok
"Truly, Madly, Deeply/912541-TMD_Consolidated.pdf",1,,612,792,text,,,,0,9.94,ok
"Truly, Madly, Deeply/912541-TMD_Consolidated.pdf",2,,612,792,1,1400x1812,161.41,153.53,,,ok
"Truly, Madly, Deeply/912541-TMD_Consolidated.pdf",2,,612,792,2,2800x3624,220.46,211.86,,,ok
"Truly, Madly, Deeply/912541-TMD_Consolidated.pdf",2,,612,792,text,,,,2208,13.23,ok
"Truly, Madly, Deeply/912541-TMD_Consolidated.pdf",3,,612,792,1,1400x1812,151.11,142.67,,,ok
"Truly, Madly, Deeply/912541-TMD_Consolidated.pdf",3,,612,792,2,2800x3624,247.94,239.36,,,ok
"Truly, Madly, Deeply/912541-TMD_Consolidated.pdf",3,,612,792,text,,,,68,7.57,ok
"Truly, Madly, Deeply/912541-TMD_Consolidated.pdf",4,,612,792,1,1400x1812,103.28,95.22,,,ok
"Truly, Madly, Deeply/912541-TMD_Consolidated.pdf",4,,612,792,2,2800x3624,183.37,174.64,,,ok
"Truly, Madly, Deeply/912541-TMD_Consolidated.pdf",4,,612,792,text,,,,3890,14.48,ok
"Truly, Madly, Deeply/912541-TMD_Consolidated.pdf",6,,612,792,1,1400x1812,98.75,90.23,,,ok
"Truly, Madly, Deeply/912541-TMD_Consolidated.pdf",6,,612,792,2,2800x3624,177.21,168.7,,,ok
"Truly, Madly, Deeply/912541-TMD_Consolidated.pdf",6,,612,792,text,,,,4133,13.97,ok
"Truly, Madly, Deeply/912541-TMD_Consolidated.pdf",8,,612,792,1,1400x1812,103.23,95.15,,,ok
"Truly, Madly, Deeply/912541-TMD_Consolidated.pdf",8,,612,792,2,2800x3624,187.61,178.52,,,ok
"Truly, Madly, Deeply/912541-TMD_Consolidated.pdf",8,,612,792,text,,,,4279,14.22,ok
"Truly, Madly, Deeply/912541-TMD_Consolidated.pdf",9,,612,792,1,1400x1812,76.45,67.87,,,ok
"Truly, Madly, Deeply/912541-TMD_Consolidated.pdf",9,,612,792,2,2800x3624,136.51,128,,,ok
"Truly, Madly, Deeply/912541-TMD_Consolidated.pdf",9,,612,792,text,,,,1049,9.26,ok
"Truly, Madly, Deeply/912541-TMD_Consolidated.pdf",11,,612,792,1,1400x1812,93.67,86.11,,,ok
"Truly, Madly, Deeply/912541-TMD_Consolidated.pdf",11,,612,792,2,2800x3624,159.76,150.77,,,ok
"Truly, Madly, Deeply/912541-TMD_Consolidated.pdf",11,,612,792,text,,,,4136,14.07,ok
"Truly, Madly, Deeply/912541-TMD_Consolidated.pdf",13,,612,792,1,1400x1812,100.01,91.64,,,ok
"Truly, Madly, Deeply/912541-TMD_Consolidated.pdf",13,,612,792,2,2800x3624,177.58,168.82,,,ok
"Truly, Madly, Deeply/912541-TMD_Consolidated.pdf",13,,612,792,text,,,,3203,13.59,ok
"Truly, Madly, Deeply/912541-TMD_Consolidated.pdf",15,,612,792,1,1400x1812,106.26,97.13,,,ok
"Truly, Madly, Deeply/912541-TMD_Consolidated.pdf",15,,612,792,2,2800x3624,201.47,192.47,,,ok
"Truly, Madly, Deeply/912541-TMD_Consolidated.pdf",15,,612,792,text,,,,1989,11.69,ok
"Truly, Madly, Deeply/912541-TMD_Consolidated.pdf",17,,612,792,1,1400x1812,118.74,109.48,,,ok
"Truly, Madly, Deeply/912541-TMD_Consolidated.pdf",17,,612,792,2,2800x3624,216.91,207.85,,,ok
"Truly, Madly, Deeply/912541-TMD_Consolidated.pdf",17,,612,792,text,,,,3855,14.94,ok
"Truly, Madly, Deeply/912541-TMD_Consolidated.pdf",18,,612,792,1,1400x1812,104.74,96.28,,,ok
"Truly, Madly, Deeply/912541-TMD_Consolidated.pdf",18,,612,792,2,2800x3624,175.45,166.54,,,ok
"Truly, Madly, Deeply/912541-TMD_Consolidated.pdf",18,,612,792,text,,,,2881,13.84,ok
"Truly, Madly, Deeply/912541-TMD_Consolidated.pdf",20,,612,792,1,1400x1812,117.67,109.04,,,ok
"Truly, Madly, Deeply/912541-TMD_Consolidated.pdf",20,,612,792,2,2800x3624,225.91,216.08,,,ok
"Truly, Madly, Deeply/912541-TMD_Consolidated.pdf",20,,612,792,text,,,,2450,16.07,ok
"Truly, Madly, Deeply/912541-TMD_Consolidated.pdf",22,,612,792,1,1400x1812,138.4,129.86,,,ok
"Truly, Madly, Deeply/912541-TMD_Consolidated.pdf",22,,612,792,2,2800x3624,232.74,224.08,,,ok
"Truly, Madly, Deeply/912541-TMD_Consolidated.pdf",22,,612,792,text,,,,2429,13.3,ok
"Truly, Madly, Deeply/912541-TMD_Consolidated.pdf",23,,612,792,1,1400x1812,113.07,104.48,,,ok
"Truly, Madly, Deeply/912541-TMD_Consolidated.pdf",23,,612,792,2,2800x3624,202.98,193.19,,,ok
"Truly, Madly, Deeply/912541-TMD_Consolidated.pdf",23,,612,792,text,,,,4401,16.04,ok
"Truly, Madly, Deeply/912541-TMD_Consolidated.pdf",24,,612,792,1,1400x1812,117.86,109.59,,,ok
"Truly, Madly, Deeply/912541-TMD_Consolidated.pdf",24,,612,792,2,2800x3624,219.88,210.87,,,ok
"Truly, Madly, Deeply/912541-TMD_Consolidated.pdf",24,,612,792,text,,,,3960,15.2,ok
"Truly, Madly, Deeply/912541-TMD_Consolidated.pdf",26,,612,792,1,1400x1812,89.57,80.78,,,ok
"Truly, Madly, Deeply/912541-TMD_Consolidated.pdf",26,,612,792,2,2800x3624,165.23,156.68,,,ok
"Truly, Madly, Deeply/912541-TMD_Consolidated.pdf",26,,612,792,text,,,,1650,11.37,ok
"Truly, Madly, Deeply/912541-TMD_Consolidated.pdf",27,,612,792,1,1400x1812,194.97,186.79,,,ok
"Truly, Madly, Deeply/912541-TMD_Consolidated.pdf",27,,612,792,2,2800x3624,311.43,302.64,,,ok
"Truly, Madly, Deeply/912541-TMD_Consolidated.pdf",27,,612,792,text,,,,55,7.91,ok
"Truly, Madly, Deeply/912541-TMD_Consolidated.pdf",29,,612,792,1,1400x1812,198.13,187.35,,,ok
"Truly, Madly, Deeply/912541-TMD_Consolidated.pdf",29,,612,792,2,2800x3624,312.53,302.97,,,ok
"Truly, Madly, Deeply/912541-TMD_Consolidated.pdf",29,,612,792,text,,,,3671,15.8,ok
"Truly, Madly, Deeply/912541-TMD_Consolidated.pdf",31,,612,792,1,1400x1812,111.56,103.26,,,ok
"Truly, Madly, Deeply/912541-TMD_Consolidated.pdf",31,,612,792,2,2800x3624,216.14,207.07,,,ok
"Truly, Madly, Deeply/912541-TMD_Consolidated.pdf",31,,612,792,text,,,,3949,14.34,ok
"Truly, Madly, Deeply/912541-TMD_Consolidated.pdf",33,,612,792,1,1400x1812,122.06,112.94,,,ok
"Truly, Madly, Deeply/912541-TMD_Consolidated.pdf",33,,612,792,2,2800x3624,259.03,249.29,,,ok
"Truly, Madly, Deeply/912541-TMD_Consolidated.pdf",33,,612,792,text,,,,3865,22.05,ok
"Truly, Madly, Deeply/912541-TMD_Consolidated.pdf",35,,612,792,1,1400x1812,174.17,165.8,,,ok
"Truly, Madly, Deeply/912541-TMD_Consolidated.pdf",35,,612,792,2,2800x3624,211.36,202.18,,,ok
"Truly, Madly, Deeply/912541-TMD_Consolidated.pdf",35,,612,792,text,,,,3959,15.24,ok
"Truly, Madly, Deeply/912541-TMD_Consolidated.pdf",36,,612,792,1,1400x1812,114.7,105.84,,,ok
"Truly, Madly, Deeply/912541-TMD_Consolidated.pdf",36,,612,792,2,2800x3624,200.43,191.36,,,ok
"Truly, Madly, Deeply/912541-TMD_Consolidated.pdf",36,,612,792,text,,,,4739,17.23,ok
"Truly, Madly, Deeply/912541-TMD_Consolidated.pdf",38,,612,792,1,1400x1812,125.68,117.43,,,ok
"Truly, Madly, Deeply/912541-TMD_Consolidated.pdf",38,,612,792,2,2800x3624,213.59,204.85,,,ok
"Truly, Madly, Deeply/912541-TMD_Consolidated.pdf",38,,612,792,text,,,,3481,15.61,ok
"Truly, Madly, Deeply/912541-TMD_Consolidated.pdf",44,,612,792,1,1400x1812,158.34,149.88,,,ok
"Truly, Madly, Deeply/912541-TMD_Consolidated.pdf",44,,612,792,2,2800x3624,230.69,221.67,,,ok
"Truly, Madly, Deeply/912541-TMD_Consolidated.pdf",44,,612,792,text,,,,2471,12.23,ok
"Truly, Madly, Deeply/TrulyMadlyDeeply.pdf",1,,612,792,1,1400x1812,145.3,134.13,,,ok
"Truly, Madly, Deeply/TrulyMadlyDeeply.pdf",1,,612,792,2,2800x3624,238.33,220.85,,,ok
"Truly, Madly, Deeply/TrulyMadlyDeeply.pdf",1,,612,792,text,,,,0,8.96,ok
"Truly, Madly, Deeply/TrulyMadlyDeeply.pdf",2,,612,792,1,1400x1812,151.65,143.21,,,ok
"Truly, Madly, Deeply/TrulyMadlyDeeply.pdf",2,,612,792,2,2800x3624,223.8,212.72,,,ok
"Truly, Madly, Deeply/TrulyMadlyDeeply.pdf",2,,612,792,text,,,,2208,13.48,ok
"Truly, Madly, Deeply/TrulyMadlyDeeply.pdf",3,,612,792,1,1400x1812,150.53,142.33,,,ok
"Truly, Madly, Deeply/TrulyMadlyDeeply.pdf",3,,612,792,2,2800x3624,249.49,238.51,,,ok
"Truly, Madly, Deeply/TrulyMadlyDeeply.pdf",3,,612,792,text,,,,68,8,ok
"Truly, Madly, Deeply/TrulyMadlyDeeply.pdf",4,,612,792,1,1400x1812,103.24,94.84,,,ok
"Truly, Madly, Deeply/TrulyMadlyDeeply.pdf",4,,612,792,2,2800x3624,186.24,175.43,,,ok
"Truly, Madly, Deeply/TrulyMadlyDeeply.pdf",4,,612,792,text,,,,3890,14.55,ok
"Truly, Madly, Deeply/TrulyMadlyDeeply.pdf",6,,612,792,1,1400x1812,97.85,89.39,,,ok
"Truly, Madly, Deeply/TrulyMadlyDeeply.pdf",6,,612,792,2,2800x3624,175.91,167.34,,,ok
"Truly, Madly, Deeply/TrulyMadlyDeeply.pdf",6,,612,792,text,,,,4133,13.39,ok
"Truly, Madly, Deeply/TrulyMadlyDeeply.pdf",8,,612,792,1,1400x1812,102.25,93.98,,,ok
"Truly, Madly, Deeply/TrulyMadlyDeeply.pdf",8,,612,792,2,2800x3624,184.55,175.92,,,ok
"Truly, Madly, Deeply/TrulyMadlyDeeply.pdf",8,,612,792,text,,,,4279,14.09,ok
"Truly, Madly, Deeply/TrulyMadlyDeeply.pdf",9,,612,792,1,1400x1812,75.66,67.35,,,ok
"Truly, Madly, Deeply/TrulyMadlyDeeply.pdf",9,,612,792,2,2800x3624,135.81,127.34,,,ok
"Truly, Madly, Deeply/TrulyMadlyDeeply.pdf",9,,612,792,text,,,,1049,8.95,ok
"Truly, Madly, Deeply/TrulyMadlyDeeply.pdf",11,,612,792,1,1400x1812,97.05,85.57,,,ok
"Truly, Madly, Deeply/TrulyMadlyDeeply.pdf",11,,612,792,2,2800x3624,167.15,158.38,,,ok
"Truly, Madly, Deeply/TrulyMadlyDeeply.pdf",11,,612,792,text,,,,4136,14.24,ok
"Truly, Madly, Deeply/TrulyMadlyDeeply.pdf",13,,612,792,1,1400x1812,99.93,91.76,,,ok
"Truly, Madly, Deeply/TrulyMadlyDeeply.pdf",13,,612,792,2,2800x3624,176.53,168.23,,,ok
"Truly, Madly, Deeply/TrulyMadlyDeeply.pdf",13,,612,792,text,,,,3203,12.92,ok
"Truly, Madly, Deeply/TrulyMadlyDeeply.pdf",15,,612,792,1,1400x1812,104.22,96.25,,,ok
"Truly, Madly, Deeply/TrulyMadlyDeeply.pdf",15,,612,792,2,2800x3624,204.94,195.65,,,ok
"Truly, Madly, Deeply/TrulyMadlyDeeply.pdf",15,,612,792,text,,,,1989,12.55,ok
"Truly, Madly, Deeply/TrulyMadlyDeeply.pdf",17,,612,792,1,1400x1812,117.86,108.46,,,ok
"Truly, Madly, Deeply/TrulyMadlyDeeply.pdf",17,,612,792,2,2800x3624,218.71,209.72,,,ok
"Truly, Madly, Deeply/TrulyMadlyDeeply.pdf",17,,612,792,text,,,,3855,18.01,ok
"Truly, Madly, Deeply/TrulyMadlyDeeply.pdf",18,,612,792,1,1400x1812,105.77,97.52,,,ok
"Truly, Madly, Deeply/TrulyMadlyDeeply.pdf",18,,612,792,2,2800x3624,174.07,164.92,,,ok
"Truly, Madly, Deeply/TrulyMadlyDeeply.pdf",18,,612,792,text,,,,2881,12.57,ok
"Truly, Madly, Deeply/TrulyMadlyDeeply.pdf",20,,612,792,1,1400x1812,115.91,107.14,,,ok
"Truly, Madly, Deeply/TrulyMadlyDeeply.pdf",20,,612,792,2,2800x3624,217.24,208.47,,,ok
"Truly, Madly, Deeply/TrulyMadlyDeeply.pdf",20,,612,792,text,,,,2450,12.41,ok
"Truly, Madly, Deeply/TrulyMadlyDeeply.pdf",22,,612,792,1,1400x1812,134.97,126.32,,,ok
"Truly, Madly, Deeply/TrulyMadlyDeeply.pdf",22,,612,792,2,2800x3624,275.94,266.33,,,ok
"Truly, Madly, Deeply/TrulyMadlyDeeply.pdf",22,,612,792,text,,,,2429,14.99,ok
"Truly, Madly, Deeply/TrulyMadlyDeeply.pdf",23,,612,792,1,1400x1812,115.24,106.64,,,ok
"Truly, Madly, Deeply/TrulyMadlyDeeply.pdf",23,,612,792,2,2800x3624,205.51,196.75,,,ok
"Truly, Madly, Deeply/TrulyMadlyDeeply.pdf",23,,612,792,text,,,,4401,18.31,ok
"Truly, Madly, Deeply/TrulyMadlyDeeply.pdf",24,,612,792,1,1400x1812,117.61,109.7,,,ok
"Truly, Madly, Deeply/TrulyMadlyDeeply.pdf",24,,612,792,2,2800x3624,226.28,216.8,,,ok
"Truly, Madly, Deeply/TrulyMadlyDeeply.pdf",24,,612,792,text,,,,3960,16.07,ok
"Truly, Madly, Deeply/TrulyMadlyDeeply.pdf",26,,612,792,1,1400x1812,95.69,86.91,,,ok
"Truly, Madly, Deeply/TrulyMadlyDeeply.pdf",26,,612,792,2,2800x3624,195.75,186.5,,,ok
"Truly, Madly, Deeply/TrulyMadlyDeeply.pdf",26,,612,792,text,,,,1650,14.59,ok
"Truly, Madly, Deeply/TrulyMadlyDeeply.pdf",27,,612,792,1,1400x1812,191.71,183.8,,,ok
"Truly, Madly, Deeply/TrulyMadlyDeeply.pdf",27,,612,792,2,2800x3624,332.06,322.46,,,ok
"Truly, Madly, Deeply/TrulyMadlyDeeply.pdf",27,,612,792,text,,,,55,8.2,ok
"Truly, Madly, Deeply/TrulyMadlyDeeply.pdf",29,,612,792,1,1400x1812,172.87,164.15,,,ok
"Truly, Madly, Deeply/TrulyMadlyDeeply.pdf",29,,612,792,2,2800x3624,269.2,259.9,,,ok
"Truly, Madly, Deeply/TrulyMadlyDeeply.pdf",29,,612,792,text,,,,3671,14.97,ok
"Truly, Madly, Deeply/TrulyMadlyDeeply.pdf",31,,612,792,1,1400x1812,108.57,100.38,,,ok
"Truly, Madly, Deeply/TrulyMadlyDeeply.pdf",31,,612,792,2,2800x3624,210.26,201.54,,,ok
"Truly, Madly, Deeply/TrulyMadlyDeeply.pdf",31,,612,792,text,,,,3949,15.03,ok
"Truly, Madly, Deeply/TrulyMadlyDeeply.pdf",33,,612,792,1,1400x1812,126.3,116.95,,,ok
"Truly, Madly, Deeply/TrulyMadlyDeeply.pdf",33,,612,792,2,2800x3624,251.39,242.28,,,ok
"Truly, Madly, Deeply/TrulyMadlyDeeply.pdf",33,,612,792,text,,,,3865,15.73,ok
"Truly, Madly, Deeply/TrulyMadlyDeeply.pdf",35,,612,792,1,1400x1812,130.74,122.69,,,ok
"Truly, Madly, Deeply/TrulyMadlyDeeply.pdf",35,,612,792,2,2800x3624,200.01,191.5,,,ok
"Truly, Madly, Deeply/TrulyMadlyDeeply.pdf",35,,612,792,text,,,,3959,13.91,ok
"Truly, Madly, Deeply/TrulyMadlyDeeply.pdf",36,,612,792,1,1400x1812,117.25,108.4,,,ok
"Truly, Madly, Deeply/TrulyMadlyDeeply.pdf",36,,612,792,2,2800x3624,196.79,186.76,,,ok
"Truly, Madly, Deeply/TrulyMadlyDeeply.pdf",36,,612,792,text,,,,4739,15.89,ok
"Truly, Madly, Deeply/TrulyMadlyDeeply.pdf",38,,612,792,1,1400x1812,132.11,123.95,,,ok
"Truly, Madly, Deeply/TrulyMadlyDeeply.pdf",38,,612,792,2,2800x3624,223.54,215.05,,,ok
"Truly, Madly, Deeply/TrulyMadlyDeeply.pdf",38,,612,792,text,,,,3481,14.7,ok
"Truly, Madly, Deeply/TrulyMadlyDeeply.pdf",44,,612,792,1,1400x1812,145.93,137.32,,,ok
"Truly, Madly, Deeply/TrulyMadlyDeeply.pdf",44,,612,792,2,2800x3624,226.35,217.94,,,ok
"Truly, Madly, Deeply/TrulyMadlyDeeply.pdf",44,,612,792,text,,,,2471,12.35,ok
generated/password-open.pdf,1,,612,792,1,1400x1812,26.91,13.29,,,ok
generated/password-open.pdf,1,,612,792,2,2800x3624,35.41,20.16,,,ok
generated/password-open.pdf,1,,612,792,text,,,,1000,13.21,ok
generated/password-open.pdf,2,,612,792,1,1400x1812,12.29,4.05,,,ok
generated/password-open.pdf,2,,612,792,2,2800x3624,20.24,11.81,,,ok
generated/password-open.pdf,2,,612,792,text,,,,2307,8.44,ok
generated/password-open.pdf,3,,612,792,1,1400x1812,14.67,6.86,,,ok
generated/password-open.pdf,3,,612,792,2,2800x3624,27.35,18.92,,,ok
generated/password-open.pdf,3,,612,792,text,,,,1482,8.3,ok
generated/password-open.pdf,4,,612,792,1,1400x1812,19.95,11.78,,,ok
generated/password-open.pdf,4,,612,792,2,2800x3624,29.25,20.54,,,ok
generated/password-open.pdf,4,,612,792,text,,,,2286,11.49,ok
generated/password-open.pdf,5,,612,792,1,1400x1812,15.95,8.39,,,ok
generated/password-open.pdf,5,,612,792,2,2800x3624,22.15,13.71,,,ok
generated/password-open.pdf,5,,612,792,text,,,,1644,9.76,ok
generated/password-open.pdf,6,,612,792,1,1400x1812,14.42,6.27,,,ok
generated/password-open.pdf,6,,612,792,2,2800x3624,18.92,10.66,,,ok
generated/password-open.pdf,6,,612,792,text,,,,1007,9.52,ok
generated/password-open.pdf,7,,612,792,1,1400x1812,18.18,10.47,,,ok
generated/password-open.pdf,7,,612,792,2,2800x3624,27.41,19.12,,,ok
generated/password-open.pdf,7,,612,792,text,,,,2117,11.53,ok
generated/password-open.pdf,8,,612,792,1,1400x1812,17.27,8.53,,,ok
generated/password-open.pdf,8,,612,792,2,2800x3624,22.79,13.87,,,ok
generated/password-open.pdf,8,,612,792,text,,,,1180,9.97,ok
generated/password-open.pdf,9,,612,792,1,1400x1812,19.81,12.09,,,ok
generated/password-open.pdf,9,,612,792,2,2800x3624,31.35,22.88,,,ok
generated/password-open.pdf,9,,612,792,text,,,,2406,11.68,ok
generated/password-open.pdf,10,,612,792,1,1400x1812,13.93,5.77,,,ok
generated/password-open.pdf,10,,612,792,2,2800x3624,19.58,11.04,,,ok
generated/password-open.pdf,10,,612,792,text,,,,899,9.26,ok
generated/password-open.pdf,11,,612,792,1,1400x1812,15.2,6.79,,,ok
generated/password-open.pdf,11,,612,792,2,2800x3624,22.05,13.44,,,ok
generated/password-open.pdf,11,,612,792,text,,,,1282,9.44,ok
generated/password-open.pdf,12,,612,792,1,1400x1812,15.79,7.6,,,ok
generated/password-open.pdf,12,,612,792,2,2800x3624,21.51,13.08,,,ok
generated/password-open.pdf,12,,612,792,text,,,,1243,10.45,ok
generated/password-open.pdf,13,,612,792,1,1400x1812,17.41,9.37,,,ok
generated/password-open.pdf,13,,612,792,2,2800x3624,24.1,15.51,,,ok
generated/password-open.pdf,13,,612,792,text,,,,1644,10.17,ok
generated/password-open.pdf,14,,612,792,1,1400x1812,19.3,10.52,,,ok
generated/password-open.pdf,14,,612,792,2,2800x3624,28.91,20.17,,,ok
generated/password-open.pdf,14,,612,792,text,,,,2658,11.54,ok
generated/password-open.pdf,15,,612,792,1,1400x1812,14.61,6.96,,,ok
generated/password-open.pdf,15,,612,792,2,2800x3624,21.6,13.02,,,ok
generated/password-open.pdf,15,,612,792,text,,,,1355,10.55,ok
generated/password-open.pdf,16,,612,792,1,1400x1812,20.51,12,,,ok
generated/password-open.pdf,16,,612,792,2,2800x3624,30.27,21.62,,,ok
generated/password-open.pdf,16,,612,792,text,,,,2605,11.77,ok
generated/password-open.pdf,17,,612,792,1,1400x1812,15.23,7.59,,,ok
generated/password-open.pdf,17,,612,792,2,2800x3624,22.36,14.09,,,ok
generated/password-open.pdf,17,,612,792,text,,,,1633,10.68,ok
generated/password-open.pdf,18,,612,792,1,1400x1812,15.72,7.03,,,ok
generated/password-open.pdf,18,,612,792,2,2800x3624,21.29,12.69,,,ok
generated/password-open.pdf,18,,612,792,text,,,,1135,10.16,ok
generated/password-open.pdf,19,,612,792,1,1400x1812,14.18,6.66,,,ok
generated/password-open.pdf,19,,612,792,2,2800x3624,19.92,11.58,,,ok
generated/password-open.pdf,19,,612,792,text,,,,1388,9.16,ok
generated/password-open.pdf,20,,612,792,1,1400x1812,16.73,7.85,,,ok
generated/password-open.pdf,20,,612,792,2,2800x3624,24.91,16.33,,,ok
generated/password-open.pdf,20,,612,792,text,,,,1853,9.98,ok
generated/password-open.pdf,21,,612,792,1,1400x1812,14.89,6.9,,,ok
generated/password-open.pdf,21,,612,792,2,2800x3624,22.62,13.65,,,ok
generated/password-open.pdf,21,,612,792,text,,,,1773,9.7,ok
generated/password-open.pdf,22,,612,792,1,1400x1812,16.59,8.34,,,ok
generated/password-open.pdf,22,,612,792,2,2800x3624,23.79,15.2,,,ok
generated/password-open.pdf,22,,612,792,text,,,,1632,10.18,ok
generated/password-open.pdf,23,,612,792,1,1400x1812,15.53,8.07,,,ok
generated/password-open.pdf,23,,612,792,2,2800x3624,22.7,14.34,,,ok
generated/password-open.pdf,23,,612,792,text,,,,1430,10.2,ok
generated/password-open.pdf,24,,612,792,1,1400x1812,11.76,3.67,,,ok
generated/password-open.pdf,24,,612,792,2,2800x3624,17.56,9.5,,,ok
generated/password-open.pdf,24,,612,792,text,,,,681,7.97,ok
generated/broken-xref.pdf,1,,612,792,1,1400x1812,23.4,12.47,,,ok
generated/broken-xref.pdf,1,,612,792,2,2800x3624,37.35,19.98,,,ok
generated/broken-xref.pdf,1,,612,792,text,,,,1000,12.02,ok
generated/broken-xref.pdf,2,,612,792,1,1400x1812,11.77,3.28,,,ok
generated/broken-xref.pdf,2,,612,792,2,2800x3624,20.1,9.58,,,ok
generated/broken-xref.pdf,2,,612,792,text,,,,2307,8.43,ok
generated/broken-xref.pdf,3,,612,792,1,1400x1812,14.62,6.72,,,ok
generated/broken-xref.pdf,3,,612,792,2,2800x3624,30.14,19.18,,,ok
generated/broken-xref.pdf,3,,612,792,text,,,,1482,9.01,ok
generated/broken-xref.pdf,4,,612,792,1,1400x1812,19.21,11.1,,,ok
generated/broken-xref.pdf,4,,612,792,2,2800x3624,31.78,21.09,,,ok
generated/broken-xref.pdf,4,,612,792,text,,,,2286,11.24,ok
generated/broken-xref.pdf,5,,612,792,1,1400x1812,15.79,7.32,,,ok
generated/broken-xref.pdf,5,,612,792,2,2800x3624,22.51,14.14,,,ok
generated/broken-xref.pdf,5,,612,792,text,,,,1644,9.61,ok
generated/broken-xref.pdf,6,,612,792,1,1400x1812,14.89,6.14,,,ok
generated/broken-xref.pdf,6,,612,792,2,2800x3624,19.75,10.87,,,ok
generated/broken-xref.pdf,6,,612,792,text,,,,1007,9.46,ok
generated/broken-xref.pdf,7,,612,792,1,1400x1812,17.93,9.55,,,ok
generated/broken-xref.pdf,7,,612,792,2,2800x3624,27.6,18.59,,,ok
generated/broken-xref.pdf,7,,612,792,text,,,,2117,10.49,ok
generated/broken-xref.pdf,8,,612,792,1,1400x1812,18.86,8.51,,,ok
generated/broken-xref.pdf,8,,612,792,2,2800x3624,22.12,13.87,,,ok
generated/broken-xref.pdf,8,,612,792,text,,,,1180,10.87,ok
generated/broken-xref.pdf,9,,612,792,1,1400x1812,20.37,11.92,,,ok
generated/broken-xref.pdf,9,,612,792,2,2800x3624,31.92,23.62,,,ok
generated/broken-xref.pdf,9,,612,792,text,,,,2406,11.15,ok
generated/broken-xref.pdf,10,,612,792,1,1400x1812,12.86,5.56,,,ok
generated/broken-xref.pdf,10,,612,792,2,2800x3624,19.16,10.71,,,ok
generated/broken-xref.pdf,10,,612,792,text,,,,899,9.07,ok
generated/broken-xref.pdf,11,,612,792,1,1400x1812,14.81,6.76,,,ok
generated/broken-xref.pdf,11,,612,792,2,2800x3624,21.8,12.62,,,ok
generated/broken-xref.pdf,11,,612,792,text,,,,1282,10.03,ok
generated/broken-xref.pdf,12,,612,792,1,1400x1812,15.94,7.72,,,ok
generated/broken-xref.pdf,12,,612,792,2,2800x3624,21.15,12.69,,,ok
generated/broken-xref.pdf,12,,612,792,text,,,,1243,10.25,ok
generated/broken-xref.pdf,13,,612,792,1,1400x1812,16.87,8.37,,,ok
generated/broken-xref.pdf,13,,612,792,2,2800x3624,23.56,15.22,,,ok
generated/broken-xref.pdf,13,,612,792,text,,,,1644,10.37,ok
generated/broken-xref.pdf,14,,612,792,1,1400x1812,17.79,10.11,,,ok
generated/broken-xref.pdf,14,,612,792,2,2800x3624,27.72,18.97,,,ok
generated/broken-xref.pdf,14,,612,792,text,,,,2658,11.98,ok
generated/broken-xref.pdf,15,,612,792,1,1400x1812,15.68,7.48,,,ok
generated/broken-xref.pdf,15,,612,792,2,2800x3624,21.81,13.36,,,ok
generated/broken-xref.pdf,15,,612,792,text,,,,1355,9.65,ok
generated/broken-xref.pdf,16,,612,792,1,1400x1812,19.46,11.89,,,ok
generated/broken-xref.pdf,16,,612,792,2,2800x3624,29.7,21.21,,,ok
generated/broken-xref.pdf,16,,612,792,text,,,,2605,11.93,ok
generated/broken-xref.pdf,17,,612,792,1,1400x1812,16.49,7.6,,,ok
generated/broken-xref.pdf,17,,612,792,2,2800x3624,23.35,14.72,,,ok
generated/broken-xref.pdf,17,,612,792,text,,,,1633,10.64,ok
generated/broken-xref.pdf,18,,612,792,1,1400x1812,14.51,6.59,,,ok
generated/broken-xref.pdf,18,,612,792,2,2800x3624,21.24,12.26,,,ok
generated/broken-xref.pdf,18,,612,792,text,,,,1135,10.26,ok
generated/broken-xref.pdf,19,,612,792,1,1400x1812,14.39,6.35,,,ok
generated/broken-xref.pdf,19,,612,792,2,2800x3624,19.86,11.64,,,ok
generated/broken-xref.pdf,19,,612,792,text,,,,1388,9.53,ok
generated/broken-xref.pdf,20,,612,792,1,1400x1812,15.83,8.08,,,ok
generated/broken-xref.pdf,20,,612,792,2,2800x3624,24.92,16.06,,,ok
generated/broken-xref.pdf,20,,612,792,text,,,,1853,10.37,ok
generated/broken-xref.pdf,21,,612,792,1,1400x1812,16.37,8.08,,,ok
generated/broken-xref.pdf,21,,612,792,2,2800x3624,21.7,13.4,,,ok
generated/broken-xref.pdf,21,,612,792,text,,,,1773,9.91,ok
generated/broken-xref.pdf,22,,612,792,1,1400x1812,15.35,7.78,,,ok
generated/broken-xref.pdf,22,,612,792,2,2800x3624,23.18,14.58,,,ok
generated/broken-xref.pdf,22,,612,792,text,,,,1632,10.06,ok
generated/broken-xref.pdf,23,,612,792,1,1400x1812,17.94,9.4,,,ok
generated/broken-xref.pdf,23,,612,792,2,2800x3624,22.86,14.51,,,ok
generated/broken-xref.pdf,23,,612,792,text,,,,1430,11.4,ok
generated/broken-xref.pdf,24,,612,792,1,1400x1812,11.42,3.85,,,ok
generated/broken-xref.pdf,24,,612,792,2,2800x3624,18.06,9.48,,,ok
generated/broken-xref.pdf,24,,612,792,text,,,,681,8.48,ok
generated/mixed-scan-digital.pdf,1,GM Guide 5_World Building_Batch 112.jpg,612,782.88,1,1400x1791,35.87,22.56,,,ok
generated/mixed-scan-digital.pdf,1,GM Guide 5_World Building_Batch 112.jpg,612,782.88,2,2800x3582,55.76,41.47,,,ok
generated/mixed-scan-digital.pdf,1,GM Guide 5_World Building_Batch 112.jpg,612,782.88,text,,,,0,9.22,ok
generated/mixed-scan-digital.pdf,2,GM Guide 5_World Building_Batch 113.jpg,612,782.88,1,1400x1791,24.62,16.87,,,ok
generated/mixed-scan-digital.pdf,2,GM Guide 5_World Building_Batch 113.jpg,612,782.88,2,2800x3582,42.26,33.71,,,ok
generated/mixed-scan-digital.pdf,2,GM Guide 5_World Building_Batch 113.jpg,612,782.88,text,,,,0,7.72,ok
generated/mixed-scan-digital.pdf,3,GM Guide 5_World Building_Batch 114.jpg,612,782.88,1,1400x1791,25.87,17.7,,,ok
generated/mixed-scan-digital.pdf,3,GM Guide 5_World Building_Batch 114.jpg,612,782.88,2,2800x3582,43.17,34.38,,,ok
generated/mixed-scan-digital.pdf,3,GM Guide 5_World Building_Batch 114.jpg,612,782.88,text,,,,0,7.62,ok
generated/mixed-scan-digital.pdf,4,,612.28,790.87,1,1400x1808,59.25,50.42,,,ok
generated/mixed-scan-digital.pdf,4,,612.28,790.87,2,2800x3617,129.81,120.92,,,ok
generated/mixed-scan-digital.pdf,4,,612.28,790.87,text,,,,16,7.8,ok
generated/mixed-scan-digital.pdf,5,,612.28,790.87,1,1400x1808,49,41.09,,,ok
generated/mixed-scan-digital.pdf,5,,612.28,790.87,2,2800x3617,109.04,100.66,,,ok
generated/mixed-scan-digital.pdf,5,,612.28,790.87,text,,,,265,7.98,ok
generated/mixed-scan-digital.pdf,6,,612.28,790.87,1,1400x1808,147.75,138.96,,,ok
generated/mixed-scan-digital.pdf,6,,612.28,790.87,2,2800x3617,329.31,320.94,,,ok
generated/mixed-scan-digital.pdf,6,,612.28,790.87,text,,,,1837,11.69,ok
